index,date,open,high,low,close,volume
0,1984-09-07,0.1183,0.12,0.1172,0.1183,2981600.0
1,1984-09-10,0.1183,0.1188,0.1155,0.1177,2346400.0
2,1984-09-11,0.1188,0.1222,0.1188,0.12,5444000.0
3,1984-09-12,0.12,0.1205,0.1166,0.1166,4773600.0
4,1984-09-13,0.1228,0.1233,0.1228,0.1228,7429600.0
5,1984-09-14,0.1233,0.1272,0.1233,0.1244,8826400.0
6,1984-09-17,0.1278,0.1295,0.1278,0.1278,6886400.0
7,1984-09-18,0.1278,0.1289,0.1233,0.1233,3495200.0
8,1984-09-19,0.1233,0.1244,0.1205,0.1205,3816000.0
9,1984-09-20,0.1211,0.1222,0.1211,0.1211,2387200.0
10,1984-09-21,0.1211,0.1244,0.1183,0.12,3591200.0
11,1984-09-24,0.12,0.1205,0.1188,0.1188,2833600.0
12,1984-09-25,0.1183,0.1183,0.1166,0.1166,5977600.0
13,1984-09-26,0.1166,0.1217,0.115,0.115,3987200.0
14,1984-09-27,0.115,0.1155,0.115,0.115,3796000.0
15,1984-09-28,0.115,0.115,0.1099,0.1121,8344800.0
16,1984-10-01,0.1116,0.1116,0.1094,0.1094,3521600.0
17,1984-10-02,0.1105,0.1144,0.1105,0.1105,4258400.0
18,1984-10-03,0.1121,0.1138,0.1121,0.1121,4335200.0
19,1984-10-04,0.1133,0.1144,0.1133,0.1133,4482400.0
20,1984-10-05,0.1133,0.1133,0.1105,0.111,3510400.0
21,1984-10-08,0.111,0.1116,0.111,0.111,1721600.0
22,1984-10-09,0.111,0.1116,0.1099,0.1099,4515200.0
23,1984-10-10,0.1099,0.1099,0.1066,0.1066,13070400.0
24,1984-10-11,0.1066,0.1094,0.106,0.106,6553600.0
25,1984-10-12,0.106,0.1066,0.1004,0.1016,9522400.0
26,1984-10-15,0.1071,0.1083,0.1071,0.1071,8715200.0
27,1984-10-16,0.1071,0.1077,0.1066,0.1066,4246400.0
28,1984-10-17,0.111,0.1116,0.111,0.111,5636000.0
29,1984-10-18,0.1144,0.115,0.1144,0.1144,8842400.0
30,1984-10-19,0.1144,0.1222,0.1138,0.1144,11673600.0
31,1984-10-22,0.1144,0.1161,0.1133,0.1133,4108800.0
32,1984-10-23,0.1161,0.1172,0.1161,0.1161,6668800.0
33,1984-10-24,0.1172,0.1183,0.1172,0.1172,5989600.0
34,1984-10-25,0.1172,0.1172,0.1127,0.1127,5676000.0
35,1984-10-26,0.1127,0.1127,0.1094,0.1099,4113600.0
36,1984-10-29,0.1105,0.111,0.1105,0.1105,1836000.0
37,1984-10-30,0.1116,0.1127,0.1116,0.1116,2677600.0
38,1984-10-31,0.1116,0.1127,0.111,0.111,2191200.0
39,1984-11-01,0.1116,0.1127,0.1116,0.1116,1680000.0
40,1984-11-02,0.1116,0.1121,0.1105,0.111,1004800.0
41,1984-11-05,0.111,0.1133,0.1105,0.1105,3764800.0
42,1984-11-06,0.1172,0.1177,0.1172,0.1172,8073600.0
43,1984-11-07,0.1172,0.1177,0.115,0.115,8286400.0
44,1984-11-08,0.115,0.115,0.1105,0.1105,3162400.0
45,1984-11-09,0.1105,0.111,0.1027,0.1038,10518400.0
46,1984-11-12,0.1077,0.1083,0.1077,0.1077,4070400.0
47,1984-11-13,0.1077,0.1099,0.1049,0.1049,4548800.0
48,1984-11-14,0.106,0.1071,0.106,0.106,3752800.0
49,1984-11-15,0.106,0.1071,0.106,0.106,3833600.0
50,1984-11-16,0.106,0.1077,0.1032,0.1038,5920000.0
51,1984-11-19,0.1038,0.1043,0.0976,0.0976,8321600.0
52,1984-11-20,0.101,0.1016,0.101,0.101,9424800.0
53,1984-11-21,0.1032,0.1038,0.1032,0.1032,6418400.0
54,1984-11-23,0.1043,0.1077,0.1043,0.106,4904800.0
55,1984-11-26,0.1071,0.1071,0.1071,0.1071,3636000.0
56,1984-11-27,0.1099,0.111,0.1099,0.1099,4590400.0
57,1984-11-28,0.1155,0.1183,0.1155,0.1155,14673600.0
58,1984-11-29,0.1155,0.1155,0.1133,0.1133,6248800.0
59,1984-11-30,0.1133,0.1144,0.1099,0.1105,3906400.0
60,1984-12-03,0.1105,0.111,0.1088,0.1088,3533600.0
61,1984-12-04,0.111,0.1133,0.111,0.111,4332800.0
62,1984-12-05,0.1166,0.1166,0.1166,0.1166,9406400.0
63,1984-12-06,0.1222,0.1228,0.1222,0.1222,11360000.0
64,1984-12-07,0.1222,0.1267,0.1211,0.1217,17696000.0
65,1984-12-10,0.1217,0.1217,0.1194,0.1194,4016000.0
66,1984-12-11,0.1194,0.1211,0.1177,0.1177,4432800.0
67,1984-12-12,0.1177,0.1177,0.1138,0.1138,3937600.0
68,1984-12-13,0.115,0.1172,0.115,0.115,2424800.0
69,1984-12-14,0.115,0.1188,0.115,0.1177,3475200.0
70,1984-12-17,0.1205,0.1217,0.1205,0.1205,4513600.0
71,1984-12-18,0.1278,0.1283,0.1278,0.1278,12164800.0
72,1984-12-19,0.1278,0.1283,0.1228,0.1228,11372800.0
73,1984-12-20,0.1228,0.125,0.1222,0.1222,5013600.0
74,1984-12-21,0.1222,0.1228,0.1194,0.1205,4438400.0
75,1984-12-24,0.1228,0.1233,0.1228,0.1228,2418400.0
76,1984-12-26,0.1233,0.1244,0.1233,0.1233,2444000.0
77,1984-12-27,0.1239,0.1244,0.1239,0.1239,3531200.0
78,1984-12-28,0.1239,0.1289,0.1233,0.1283,5941600.0
79,1984-12-31,0.13,0.1306,0.13,0.13,7453600.0
80,1985-01-02,0.13,0.13,0.1244,0.1244,6272800.0
81,1985-01-03,0.1267,0.13,0.1267,0.1267,5967200.0
82,1985-01-04,0.1267,0.1272,0.125,0.1267,4915200.0
83,1985-01-07,0.1267,0.1272,0.1261,0.1261,6117600.0
84,1985-01-08,0.1261,0.1272,0.125,0.125,5040000.0
85,1985-01-09,0.1283,0.13,0.1283,0.1283,5973600.0
86,1985-01-10,0.1339,0.1345,0.1339,0.1339,9926400.0
87,1985-01-11,0.1339,0.135,0.1317,0.1328,7347200.0
88,1985-01-14,0.1367,0.1378,0.1367,0.1367,9691200.0
89,1985-01-15,0.1367,0.1389,0.1339,0.1339,9476000.0
90,1985-01-16,0.135,0.1373,0.135,0.135,6816000.0
91,1985-01-17,0.135,0.1373,0.1255,0.1255,19573600.0
92,1985-01-18,0.1255,0.1306,0.125,0.1278,12615200.0
93,1985-01-21,0.1306,0.1317,0.1306,0.1306,11635200.0
94,1985-01-22,0.1345,0.135,0.1345,0.1345,15202400.0
95,1985-01-23,0.1345,0.135,0.1322,0.1322,15384000.0
96,1985-01-24,0.1322,0.1322,0.1295,0.1295,14192800.0
97,1985-01-25,0.1295,0.1322,0.1267,0.1322,11381600.0
98,1985-01-28,0.135,0.1367,0.135,0.135,14721600.0
99,1985-01-29,0.135,0.1362,0.1333,0.1333,8029600.0
100,1985-01-30,0.1333,0.1362,0.1333,0.1333,17624800.0
101,1985-01-31,0.1333,0.1339,0.1295,0.1295,9880000.0
102,1985-02-01,0.1295,0.13,0.1267,0.1278,4941600.0
103,1985-02-04,0.1306,0.1311,0.1306,0.1306,7801600.0
104,1985-02-05,0.1317,0.1339,0.1317,0.1317,6824800.0
105,1985-02-06,0.1339,0.1339,0.1339,0.1339,6980000.0
106,1985-02-07,0.1339,0.1356,0.1333,0.1333,8793600.0
107,1985-02-08,0.1333,0.1339,0.1317,0.1333,4757600.0
108,1985-02-11,0.1362,0.1373,0.1362,0.1362,12431200.0
109,1985-02-12,0.1362,0.1367,0.1328,0.1328,8095200.0
110,1985-02-13,0.1328,0.1328,0.1267,0.1267,18835200.0
111,1985-02-14,0.1267,0.1278,0.1233,0.1233,15268800.0
112,1985-02-15,0.1233,0.1255,0.1222,0.125,6224000.0
113,1985-02-19,0.1244,0.1244,0.1233,0.1233,5391200.0
114,1985-02-20,0.1233,0.1239,0.1177,0.1177,7864800.0
115,1985-02-21,0.12,0.1205,0.12,0.12,11035200.0
116,1985-02-22,0.12,0.1244,0.12,0.1233,8096000.0
117,1985-02-25,0.1233,0.1239,0.1217,0.1217,3564000.0
118,1985-02-26,0.1217,0.1222,0.1194,0.1194,6764800.0
119,1985-02-27,0.1194,0.1194,0.1121,0.1121,14421600.0
120,1985-02-28,0.1121,0.1121,0.1105,0.1105,11415200.0
121,1985-03-01,0.1105,0.111,0.1071,0.111,8857600.0
122,1985-03-04,0.1127,0.1161,0.1127,0.1127,5484000.0
123,1985-03-05,0.1155,0.1155,0.1155,0.1155,4687200.0
124,1985-03-06,0.1155,0.1155,0.1099,0.1099,6933600.0
125,1985-03-07,0.1099,0.1105,0.0988,0.0988,26244000.0
126,1985-03-08,0.0988,0.0988,0.0926,0.096,16931200.0
127,1985-03-11,0.0993,0.0999,0.0993,0.0993,10244800.0
128,1985-03-12,0.1027,0.1038,0.1027,0.1027,7880000.0
129,1985-03-13,0.1027,0.1027,0.0971,0.0971,8973600.0
130,1985-03-14,0.0971,0.0976,0.0971,0.0971,8667200.0
131,1985-03-15,0.0971,0.1032,0.0965,0.101,6524000.0
132,1985-03-18,0.1021,0.1032,0.1021,0.1021,4487200.0
133,1985-03-19,0.1021,0.1032,0.0982,0.0982,6147200.0
134,1985-03-20,0.0993,0.101,0.0993,0.0993,14498400.0
135,1985-03-21,0.101,0.1027,0.101,0.101,5826400.0
136,1985-03-22,0.101,0.1027,0.0993,0.0993,2910400.0
137,1985-03-25,0.0993,0.0993,0.0965,0.0965,3931200.0
138,1985-03-26,0.1004,0.1004,0.1004,0.1004,4346400.0
139,1985-03-27,0.1004,0.1016,0.0976,0.0976,4008800.0
140,1985-03-28,0.0976,0.0993,0.0976,0.0976,4667200.0
141,1985-03-29,0.0976,0.0993,0.0976,0.0988,3155200.0
142,1985-04-01,0.0988,0.101,0.0965,0.0965,4115200.0
143,1985-04-02,0.0965,0.0971,0.0938,0.0938,8146400.0
144,1985-04-03,0.0938,0.0943,0.0938,0.0938,8681600.0
145,1985-04-04,0.0938,0.0943,0.0921,0.0932,5792800.0
146,1985-04-08,0.0932,0.0938,0.0876,0.0876,7129600.0
147,1985-04-09,0.0876,0.0882,0.0876,0.0876,9461600.0
148,1985-04-10,0.0938,0.0949,0.0938,0.0938,8117600.0
149,1985-04-11,0.0954,0.0982,0.0954,0.0954,5260000.0
150,1985-04-12,0.0954,0.0954,0.0926,0.0932,2607200.0
151,1985-04-15,0.0954,0.0965,0.0954,0.0954,2168800.0
152,1985-04-16,0.0965,0.0971,0.0965,0.0965,2424800.0
153,1985-04-17,0.101,0.1021,0.101,0.101,4402400.0
154,1985-04-18,0.1021,0.1027,0.1021,0.1021,7246400.0
155,1985-04-19,0.1021,0.1021,0.0999,0.1004,3468800.0
156,1985-04-22,0.1004,0.1004,0.0965,0.0965,3700000.0
157,1985-04-23,0.0988,0.0993,0.0988,0.0988,4261600.0
158,1985-04-24,0.0988,0.1004,0.0982,0.0982,2830400.0
159,1985-04-25,0.0982,0.0988,0.0982,0.0982,3135200.0
160,1985-04-26,0.0982,0.101,0.0976,0.0976,4295200.0
161,1985-04-29,0.0976,0.0982,0.0943,0.0943,2256000.0
162,1985-04-30,0.0949,0.0954,0.0949,0.0949,3396000.0
163,1985-05-01,0.0949,0.0954,0.0932,0.0932,2075200.0
164,1985-05-02,0.0921,0.0921,0.0859,0.0859,11787200.0
165,1985-05-03,0.0859,0.0898,0.0859,0.0893,5673600.0
166,1985-05-06,0.0893,0.0904,0.0882,0.0882,2007200.0
167,1985-05-07,0.0893,0.0893,0.0893,0.0893,3844800.0
168,1985-05-08,0.0887,0.0887,0.0887,0.0887,5177600.0
169,1985-05-09,0.0893,0.0898,0.0893,0.0893,4571200.0
170,1985-05-10,0.0893,0.0915,0.0893,0.0904,4893600.0
171,1985-05-13,0.0904,0.0909,0.0893,0.0893,3157600.0
172,1985-05-14,0.0893,0.0898,0.0882,0.0882,4364000.0
173,1985-05-15,0.0893,0.0909,0.0893,0.0893,4668800.0
174,1985-05-16,0.0954,0.0982,0.0954,0.0954,8275200.0
175,1985-05-17,0.0954,0.0988,0.0949,0.0971,7592800.0
176,1985-05-20,0.0971,0.0993,0.0954,0.0954,7044000.0
177,1985-05-21,0.0949,0.0949,0.0926,0.0926,5452800.0
178,1985-05-22,0.0926,0.0932,0.0921,0.0921,4342400.0
179,1985-05-23,0.0915,0.0915,0.0882,0.0882,8576000.0
180,1985-05-24,0.0882,0.0882,0.0809,0.0809,21060000.0
181,1985-05-28,0.0798,0.0798,0.0753,0.0753,18253600.0
182,1985-05-29,0.0764,0.077,0.0764,0.0764,8808800.0
183,1985-05-30,0.0787,0.0798,0.0787,0.0787,11273600.0
184,1985-05-31,0.0787,0.0804,0.0775,0.0775,13235200.0
185,1985-06-03,0.0759,0.0759,0.0714,0.0714,20578400.0
186,1985-06-04,0.077,0.0775,0.077,0.077,14373600.0
187,1985-06-05,0.077,0.0792,0.0753,0.0753,10267200.0
188,1985-06-06,0.0759,0.0759,0.0759,0.0759,9688800.0
189,1985-06-07,0.0759,0.0759,0.0731,0.0731,16980000.0
190,1985-06-10,0.0731,0.0737,0.072,0.072,11296000.0
191,1985-06-11,0.072,0.0737,0.072,0.072,10751200.0
192,1985-06-12,0.072,0.0725,0.0703,0.0703,8888800.0
193,1985-06-13,0.0703,0.0709,0.0664,0.0664,13573600.0
194,1985-06-14,0.0664,0.0703,0.0658,0.0658,20226400.0
195,1985-06-17,0.0664,0.067,0.0664,0.0664,8464000.0
196,1985-06-18,0.0681,0.0692,0.0681,0.0681,9489600.0
197,1985-06-19,0.0698,0.0709,0.0698,0.0698,6177600.0
198,1985-06-20,0.0703,0.0703,0.0703,0.0703,6822400.0
199,1985-06-21,0.072,0.0737,0.072,0.072,5941600.0
200,1985-06-24,0.077,0.0781,0.077,0.077,7387200.0
201,1985-06-25,0.0781,0.0798,0.0781,0.0781,10506400.0
202,1985-06-26,0.0809,0.0809,0.0809,0.0809,4722400.0
203,1985-06-27,0.082,0.0826,0.082,0.082,6915200.0
204,1985-06-28,0.082,0.0826,0.0804,0.0804,4875200.0
205,1985-07-01,0.0809,0.0815,0.0809,0.0809,3702400.0
206,1985-07-02,0.0809,0.0815,0.077,0.077,2807200.0
207,1985-07-03,0.0781,0.0781,0.0781,0.0781,2472800.0
208,1985-07-05,0.0787,0.0792,0.0787,0.0787,1321600.0
209,1985-07-08,0.0787,0.0792,0.0787,0.0787,3301600.0
210,1985-07-09,0.0787,0.0792,0.0787,0.0787,5284000.0
211,1985-07-10,0.0804,0.0804,0.0804,0.0804,3802400.0
212,1985-07-11,0.0804,0.0809,0.0804,0.0804,2361600.0
213,1985-07-12,0.0804,0.0804,0.0798,0.0798,1680000.0
214,1985-07-15,0.0798,0.0815,0.0792,0.0792,2804800.0
215,1985-07-16,0.0792,0.0798,0.0781,0.0781,5120000.0
216,1985-07-17,0.0787,0.0798,0.0787,0.0787,4255200.0
217,1985-07-18,0.0787,0.0787,0.077,0.077,6437600.0
218,1985-07-19,0.0775,0.0775,0.0775,0.0775,4117600.0
219,1985-07-22,0.0775,0.0775,0.0753,0.0753,6906400.0
220,1985-07-23,0.0753,0.0764,0.0737,0.0737,6038400.0
221,1985-07-24,0.0737,0.0748,0.0725,0.0725,6040000.0
222,1985-07-25,0.0742,0.0748,0.0742,0.0742,11282400.0
223,1985-07-26,0.0742,0.0748,0.0742,0.0742,4673600.0
224,1985-07-29,0.0742,0.0742,0.0714,0.0714,2808800.0
225,1985-07-30,0.0725,0.0731,0.0725,0.0725,3237600.0
226,1985-07-31,0.0725,0.0731,0.0709,0.0709,2917600.0
227,1985-08-01,0.0709,0.072,0.0709,0.0709,1842400.0
228,1985-08-02,0.0709,0.0709,0.0703,0.0703,3501600.0
229,1985-08-05,0.0703,0.0709,0.0687,0.0687,3307200.0
230,1985-08-06,0.0687,0.0703,0.0681,0.0681,2260000.0
231,1985-08-07,0.0681,0.0714,0.0664,0.0664,5452800.0
232,1985-08-08,0.0675,0.0681,0.0675,0.0675,5321600.0
233,1985-08-09,0.0681,0.0681,0.0681,0.0681,2186400.0
234,1985-08-12,0.0681,0.0681,0.067,0.067,1988800.0
235,1985-08-13,0.0681,0.0692,0.0681,0.0681,1555200.0
236,1985-08-14,0.0681,0.0681,0.0653,0.0653,10372800.0
237,1985-08-15,0.0653,0.0658,0.0647,0.0647,3800000.0
238,1985-08-16,0.0653,0.0664,0.0653,0.0653,3008800.0
239,1985-08-19,0.067,0.0681,0.067,0.067,1726400.0
240,1985-08-20,0.0681,0.0681,0.0681,0.0681,2431200.0
241,1985-08-21,0.0681,0.0681,0.0681,0.0681,2767200.0
242,1985-08-22,0.0681,0.0681,0.0664,0.0664,4406400.0
243,1985-08-23,0.0664,0.067,0.0658,0.0658,1601600.0
244,1985-08-26,0.0675,0.0675,0.0675,0.0675,1315200.0
245,1985-08-27,0.0681,0.0681,0.0681,0.0681,1540000.0
246,1985-08-28,0.0681,0.0687,0.0681,0.0681,1475200.0
247,1985-08-29,0.0681,0.0681,0.0664,0.0664,2006400.0
248,1985-08-30,0.067,0.067,0.067,0.067,1537600.0
249,1985-09-03,0.067,0.067,0.0658,0.0658,1369600.0
250,1985-09-04,0.0664,0.0675,0.0664,0.0664,1708800.0
251,1985-09-05,0.0664,0.067,0.0664,0.0664,1201600.0
252,1985-09-06,0.067,0.067,0.067,0.067,3333600.0
253,1985-09-09,0.0681,0.0687,0.0681,0.0681,4728800.0
254,1985-09-10,0.0687,0.0698,0.0687,0.0687,4364800.0
255,1985-09-11,0.0692,0.0698,0.0692,0.0692,3150400.0
256,1985-09-12,0.072,0.072,0.072,0.072,3998400.0
257,1985-09-13,0.072,0.072,0.0703,0.0703,2541600.0
258,1985-09-16,0.0703,0.0703,0.0681,0.0681,1344000.0
259,1985-09-17,0.0681,0.0681,0.0681,0.0681,6564000.0
260,1985-09-18,0.0725,0.0725,0.0725,0.0725,4316000.0
261,1985-09-19,0.0759,0.0759,0.0759,0.0759,6662400.0
262,1985-09-20,0.0759,0.0764,0.0748,0.0748,4846400.0
263,1985-09-23,0.0753,0.0764,0.0753,0.0753,4277600.0
264,1985-09-24,0.0753,0.077,0.0737,0.0737,3161600.0
265,1985-09-25,0.0737,0.0737,0.0709,0.0709,3761600.0
266,1985-09-26,0.0709,0.0714,0.0709,0.0709,1949600.0
267,1985-09-27,0.0709,0.0714,0.0709,0.0709,250400.0
268,1985-09-30,0.0709,0.0714,0.0703,0.0703,1324800.0
269,1985-10-01,0.0703,0.0709,0.0703,0.0703,3175200.0
270,1985-10-02,0.0703,0.0709,0.0698,0.0698,795200.0
271,1985-10-03,0.0698,0.0698,0.0692,0.0692,1784800.0
272,1985-10-04,0.0692,0.0692,0.067,0.067,2484800.0
273,1985-10-07,0.067,0.0681,0.067,0.067,3284800.0
274,1985-10-08,0.0675,0.0675,0.0675,0.0675,3144000.0
275,1985-10-09,0.0675,0.0681,0.067,0.067,3001600.0
276,1985-10-10,0.0709,0.0714,0.0709,0.0709,9386400.0
277,1985-10-11,0.0714,0.0725,0.0714,0.0714,4261600.0
278,1985-10-14,0.0742,0.0742,0.0742,0.0742,5555200.0
279,1985-10-15,0.0759,0.0764,0.0759,0.0759,10504800.0
280,1985-10-16,0.0804,0.0809,0.0804,0.0804,10336000.0
281,1985-10-17,0.0815,0.0854,0.0815,0.0815,12455200.0
282,1985-10-18,0.0815,0.082,0.0792,0.0792,8268800.0
283,1985-10-21,0.0792,0.0792,0.077,0.077,4248800.0
284,1985-10-22,0.0804,0.0815,0.0804,0.0804,15186400.0
285,1985-10-23,0.0804,0.0826,0.0804,0.0804,5309600.0
286,1985-10-24,0.082,0.0842,0.082,0.082,9768800.0
287,1985-10-25,0.082,0.082,0.0804,0.0804,2271200.0
288,1985-10-28,0.0804,0.0809,0.0804,0.0804,2148800.0
289,1985-10-29,0.0804,0.0804,0.0798,0.0798,4693600.0
290,1985-10-30,0.0848,0.0848,0.0848,0.0848,8098400.0
291,1985-10-31,0.0848,0.0859,0.0831,0.0831,5548800.0
292,1985-11-01,0.0831,0.0848,0.0831,0.0831,3320000.0
293,1985-11-04,0.0837,0.0854,0.0837,0.0837,5584800.0
294,1985-11-05,0.0837,0.0854,0.0831,0.0831,3841600.0
295,1985-11-06,0.0859,0.0865,0.0859,0.0859,7181600.0
296,1985-11-07,0.0876,0.0887,0.0876,0.0876,11352800.0
297,1985-11-08,0.0915,0.0926,0.0915,0.0915,10517600.0
298,1985-11-11,0.0915,0.0926,0.0893,0.0893,6421600.0
299,1985-11-12,0.0893,0.0904,0.0887,0.0887,6224800.0
300,1985-11-13,0.0887,0.0887,0.0865,0.0865,3642400.0
301,1985-11-14,0.0893,0.0898,0.0893,0.0893,4995200.0
302,1985-11-15,0.0893,0.0904,0.0887,0.0887,2932800.0
303,1985-11-18,0.0887,0.0893,0.0887,0.0887,2342400.0
304,1985-11-19,0.0887,0.0893,0.0859,0.0859,3373600.0
305,1985-11-20,0.0859,0.0865,0.0848,0.0848,3548800.0
306,1985-11-21,0.0848,0.0859,0.0848,0.0848,3720000.0
307,1985-11-22,0.0848,0.0859,0.0842,0.0848,4620000.0
308,1985-11-25,0.0848,0.0859,0.0848,0.0854,3488800.0
309,1985-11-26,0.0854,0.0871,0.0848,0.0865,5892800.0
310,1985-11-27,0.0865,0.0898,0.0859,0.0893,6873600.0
311,1985-11-29,0.0893,0.0898,0.0887,0.0898,3546400.0
312,1985-12-02,0.0898,0.0904,0.0893,0.0904,3611200.0
313,1985-12-03,0.0904,0.0909,0.0893,0.0898,5548800.0
314,1985-12-04,0.0898,0.0921,0.0898,0.0915,5928800.0
315,1985-12-05,0.0915,0.0926,0.0893,0.0898,4508800.0
316,1985-12-06,0.0898,0.0898,0.0876,0.0882,2347200.0
317,1985-12-09,0.0882,0.0893,0.0859,0.0865,5015200.0
318,1985-12-10,0.0865,0.0876,0.0859,0.0871,7206400.0
319,1985-12-11,0.0871,0.0898,0.0871,0.0882,8489600.0
320,1985-12-12,0.0887,0.0904,0.0887,0.0893,4515200.0
321,1985-12-13,0.0893,0.0904,0.0882,0.0893,8975200.0
322,1985-12-16,0.0893,0.0949,0.0893,0.0932,10362400.0
323,1985-12-17,0.0932,0.0938,0.0909,0.0921,3926400.0
324,1985-12-18,0.0954,0.1021,0.0954,0.0993,20033600.0
325,1985-12-19,0.0993,0.1016,0.0988,0.1004,9673600.0
326,1985-12-20,0.1004,0.1016,0.0993,0.0999,7402400.0
327,1985-12-23,0.0999,0.1004,0.0965,0.0976,5157600.0
328,1985-12-24,0.0976,0.0982,0.0965,0.0971,2344800.0
329,1985-12-26,0.0971,0.0982,0.0965,0.0971,1658400.0
330,1985-12-27,0.0971,0.101,0.0971,0.0999,4427200.0
331,1985-12-30,0.0999,0.101,0.0988,0.0993,3848800.0
332,1985-12-31,0.0993,0.0999,0.0982,0.0982,3158400.0
333,1986-01-02,0.0982,0.0993,0.0971,0.0993,4212800.0
334,1986-01-03,0.0993,0.0999,0.0988,0.0999,8653600.0
335,1986-01-06,0.0999,0.0999,0.0976,0.0993,6636000.0
336,1986-01-07,0.0993,0.1027,0.0988,0.1027,16807200.0
337,1986-01-08,0.1027,0.1049,0.1016,0.1021,21711200.0
338,1986-01-09,0.1021,0.1027,0.0976,0.101,16002400.0
339,1986-01-10,0.101,0.1032,0.101,0.1016,5491200.0
340,1986-01-13,0.1016,0.1032,0.1004,0.1027,7701600.0
341,1986-01-14,0.1027,0.106,0.1004,0.1038,9772800.0
342,1986-01-15,0.1038,0.1071,0.1032,0.1066,15126400.0
343,1986-01-16,0.1066,0.1105,0.1066,0.1094,19132800.0
344,1986-01-17,0.1094,0.1105,0.1066,0.1071,12344000.0
345,1986-01-20,0.1071,0.1071,0.1043,0.1066,4590400.0
346,1986-01-21,0.1066,0.1077,0.106,0.1071,5464800.0
347,1986-01-22,0.1071,0.1077,0.0999,0.1043,5144800.0
348,1986-01-23,0.1043,0.1049,0.1016,0.1027,5624000.0
349,1986-01-24,0.1027,0.1043,0.101,0.101,4044000.0
350,1986-01-27,0.101,0.1016,0.0982,0.0988,13955200.0
351,1986-01-28,0.0988,0.0999,0.0982,0.0993,7949600.0
352,1986-01-29,0.0993,0.1088,0.0982,0.1054,21064800.0
353,1986-01-30,0.1049,0.1049,0.1021,0.1027,8493600.0
354,1986-01-31,0.1027,0.1038,0.1021,0.1032,5317600.0
355,1986-02-03,0.1032,0.1071,0.1021,0.1066,12512800.0
356,1986-02-04,0.1066,0.1088,0.106,0.106,9298400.0
357,1986-02-05,0.106,0.1066,0.1049,0.106,7042400.0
358,1986-02-06,0.106,0.1083,0.1054,0.1077,4835200.0
359,1986-02-07,0.1077,0.1077,0.1049,0.1071,4656000.0
360,1986-02-10,0.1071,0.1094,0.106,0.1066,4036000.0
361,1986-02-11,0.1066,0.1071,0.1049,0.1066,5504000.0
362,1986-02-12,0.1066,0.1071,0.106,0.1071,4770400.0
363,1986-02-13,0.1071,0.1071,0.106,0.1066,3944000.0
364,1986-02-14,0.1066,0.1077,0.106,0.106,4928800.0
365,1986-02-18,0.106,0.1071,0.1038,0.1066,5295200.0
366,1986-02-19,0.1066,0.1138,0.1066,0.1116,12871200.0
367,1986-02-20,0.1116,0.1133,0.111,0.1121,4951200.0
368,1986-02-21,0.1121,0.115,0.1121,0.1127,6771200.0
369,1986-02-24,0.1127,0.115,0.1116,0.115,8840000.0
370,1986-02-25,0.115,0.1177,0.1121,0.1177,8041600.0
371,1986-02-26,0.1177,0.1194,0.1161,0.1161,5907200.0
372,1986-02-27,0.1161,0.1166,0.1138,0.1144,3873600.0
373,1986-02-28,0.1144,0.1155,0.111,0.1116,4507200.0
374,1986-03-03,0.1116,0.1121,0.1094,0.1099,3912800.0
375,1986-03-04,0.1099,0.1116,0.1094,0.1099,3217600.0
376,1986-03-05,0.1099,0.1138,0.1083,0.1127,6324000.0
377,1986-03-06,0.1127,0.115,0.1121,0.1133,3630400.0
378,1986-03-07,0.1133,0.1133,0.1105,0.1105,3477600.0
379,1986-03-10,0.1105,0.111,0.1099,0.1099,2727200.0
380,1986-03-11,0.1099,0.111,0.1094,0.111,3681600.0
381,1986-03-12,0.111,0.1121,0.1105,0.1105,3071200.0
382,1986-03-13,0.1105,0.1116,0.1088,0.1105,4176000.0
383,1986-03-14,0.1105,0.1172,0.1105,0.1166,13781600.0
384,1986-03-17,0.1161,0.1161,0.1133,0.1161,4240000.0
385,1986-03-18,0.1161,0.1217,0.1155,0.12,8920000.0
386,1986-03-19,0.12,0.1217,0.1177,0.1183,6816000.0
387,1986-03-20,0.125,0.1322,0.125,0.1261,32318400.0
388,1986-03-21,0.1261,0.1283,0.1228,0.1233,9309600.0
389,1986-03-24,0.1233,0.1233,0.1177,0.1194,10528800.0
390,1986-03-25,0.1194,0.1244,0.1194,0.1244,10060000.0
391,1986-03-26,0.1244,0.1283,0.1244,0.1261,7941600.0
392,1986-03-27,0.1261,0.1295,0.1261,0.1261,7856000.0
393,1986-03-31,0.1261,0.1272,0.125,0.1261,6744800.0
394,1986-04-01,0.1261,0.1261,0.1205,0.1217,7973600.0
395,1986-04-02,0.1217,0.1222,0.1172,0.1217,11627200.0
396,1986-04-03,0.1217,0.1233,0.12,0.1205,7548800.0
397,1986-04-04,0.1205,0.1205,0.1188,0.1194,4508800.0
398,1986-04-07,0.1194,0.1228,0.1172,0.1217,4318400.0
399,1986-04-08,0.1217,0.1239,0.1217,0.1233,6912800.0
400,1986-04-09,0.1233,0.1239,0.12,0.1211,4851200.0
401,1986-04-10,0.1211,0.1222,0.12,0.1217,3932800.0
402,1986-04-11,0.1217,0.1228,0.1205,0.1205,2737600.0
403,1986-04-14,0.1205,0.1217,0.1194,0.12,3076000.0
404,1986-04-15,0.12,0.1228,0.12,0.1222,4722400.0
405,1986-04-16,0.1222,0.1272,0.1222,0.1261,7535200.0
406,1986-04-17,0.1261,0.13,0.125,0.1295,9672800.0
407,1986-04-18,0.1295,0.1333,0.1283,0.1328,8871200.0
408,1986-04-21,0.1333,0.1373,0.1333,0.1356,9775200.0
409,1986-04-22,0.1356,0.1395,0.1322,0.1333,11726400.0
410,1986-04-23,0.1333,0.1356,0.1311,0.1322,9371200.0
411,1986-04-24,0.1322,0.1406,0.1317,0.14,16398400.0
412,1986-04-25,0.14,0.1457,0.14,0.144,9348800.0
413,1986-04-28,0.144,0.1462,0.1417,0.1429,5241600.0
414,1986-04-29,0.1429,0.144,0.12,0.1395,4750400.0
415,1986-04-30,0.1395,0.1412,0.135,0.135,4944000.0
416,1986-05-01,0.135,0.135,0.1328,0.135,9218400.0
417,1986-05-02,0.135,0.1384,0.1345,0.1362,3377600.0
418,1986-05-05,0.1362,0.1451,0.1362,0.1434,5364000.0
419,1986-05-06,0.144,0.1484,0.144,0.1457,7829600.0
420,1986-05-07,0.1457,0.1468,0.1395,0.1406,7133600.0
421,1986-05-08,0.1406,0.1479,0.1406,0.1473,8342400.0
422,1986-05-09,0.1473,0.1501,0.1462,0.149,7961600.0
423,1986-05-12,0.149,0.1635,0.1484,0.1624,14335200.0
424,1986-05-13,0.1624,0.1629,0.1574,0.1607,16876000.0
425,1986-05-14,0.1607,0.1669,0.1607,0.1646,17277600.0
426,1986-05-15,0.1646,0.1652,0.1591,0.1607,7964000.0
427,1986-05-16,0.1607,0.1618,0.1568,0.1607,11424800.0
428,1986-05-19,0.1607,0.1629,0.1585,0.1591,7506400.0
429,1986-05-20,0.1591,0.1591,0.1529,0.1579,8811200.0
430,1986-05-21,0.1579,0.1663,0.1562,0.1652,12418400.0
431,1986-05-22,0.1652,0.1674,0.1596,0.1641,7895200.0
432,1986-05-23,0.1641,0.1658,0.1624,0.1652,5013600.0
433,1986-05-27,0.1652,0.1652,0.1624,0.1646,3058400.0
434,1986-05-28,0.1646,0.1674,0.1641,0.1663,7418400.0
435,1986-05-29,0.1663,0.1663,0.1629,0.1652,3635200.0
436,1986-05-30,0.1652,0.1663,0.1629,0.1652,4591200.0
437,1986-06-02,0.1652,0.1669,0.1641,0.1658,7158400.0
438,1986-06-03,0.1658,0.1702,0.1658,0.1691,11661600.0
439,1986-06-04,0.1691,0.1736,0.1685,0.173,10747200.0
440,1986-06-05,0.173,0.1747,0.1719,0.1736,5282400.0
441,1986-06-06,0.1736,0.1736,0.1674,0.1685,6342400.0
442,1986-06-09,0.1685,0.1691,0.1602,0.1607,8835200.0
443,1986-06-10,0.1607,0.1607,0.1568,0.1607,8827200.0
444,1986-06-11,0.1607,0.1618,0.1585,0.1613,6692800.0
445,1986-06-12,0.1613,0.1624,0.1607,0.1607,4638400.0
446,1986-06-13,0.1607,0.1624,0.1574,0.1624,5144800.0
447,1986-06-16,0.1624,0.1646,0.1591,0.1602,6222400.0
448,1986-06-17,0.1602,0.1607,0.1518,0.1529,7936000.0
449,1986-06-18,0.1529,0.1551,0.1451,0.1529,15381600.0
450,1986-06-19,0.1529,0.1596,0.1512,0.1562,12347200.0
451,1986-06-20,0.1562,0.1613,0.1562,0.1607,5761600.0
452,1986-06-23,0.1607,0.1618,0.1546,0.1551,4196000.0
453,1986-06-24,0.1551,0.1568,0.1535,0.1557,5088800.0
454,1986-06-25,0.1562,0.1607,0.1562,0.1602,4755200.0
455,1986-06-26,0.1602,0.1624,0.1585,0.1618,4184800.0
456,1986-06-27,0.1618,0.1641,0.1585,0.1602,1811200.0
457,1986-06-30,0.1602,0.1618,0.1596,0.1602,2553600.0
458,1986-07-01,0.1602,0.1613,0.1551,0.1579,3140000.0
459,1986-07-02,0.1579,0.1618,0.1579,0.1613,5202400.0
460,1986-07-03,0.1613,0.1685,0.1591,0.168,6509600.0
461,1986-07-07,0.168,0.1685,0.1579,0.1591,6501600.0
462,1986-07-08,0.1574,0.1574,0.1524,0.1529,9782400.0
463,1986-07-09,0.1529,0.1551,0.1518,0.1546,13040000.0
464,1986-07-10,0.1551,0.1579,0.1546,0.1579,7453600.0
465,1986-07-11,0.1579,0.1685,0.1574,0.1658,8000000.0
466,1986-07-14,0.1658,0.1669,0.1618,0.1618,8480000.0
467,1986-07-15,0.1562,0.1562,0.1529,0.1557,10640000.0
468,1986-07-16,0.1585,0.1591,0.1462,0.1496,19280000.0
469,1986-07-17,0.1496,0.1507,0.1434,0.144,8960000.0
470,1986-07-18,0.144,0.1451,0.1395,0.1417,11040000.0
471,1986-07-21,0.1473,0.1507,0.1462,0.1496,8160000.0
472,1986-07-22,0.1496,0.1546,0.1484,0.1546,8560000.0
473,1986-07-23,0.1546,0.1546,0.1524,0.1524,6416000.0
474,1986-07-24,0.1529,0.1535,0.1473,0.1479,5187200.0
475,1986-07-25,0.1479,0.1518,0.1473,0.1518,7769600.0
476,1986-07-28,0.1512,0.1518,0.144,0.1446,8800000.0
477,1986-07-29,0.144,0.144,0.1373,0.1395,21280000.0
478,1986-07-30,0.1395,0.1406,0.1339,0.1362,9120000.0
479,1986-07-31,0.1362,0.1406,0.1362,0.1395,10080000.0
480,1986-08-01,0.1389,0.1417,0.1389,0.14,5360000.0
481,1986-08-04,0.14,0.1406,0.1367,0.1406,4653600.0
482,1986-08-05,0.1412,0.1446,0.1406,0.1434,4238400.0
483,1986-08-06,0.1434,0.1434,0.1384,0.1389,6644800.0
484,1986-08-07,0.1389,0.1457,0.1389,0.1417,6211200.0
485,1986-08-08,0.1423,0.1446,0.1412,0.1412,3941600.0
486,1986-08-11,0.1423,0.1496,0.1417,0.1496,6591200.0
487,1986-08-12,0.149,0.1535,0.149,0.1529,8720000.0
488,1986-08-13,0.1529,0.1618,0.1529,0.1607,16240000.0
489,1986-08-14,0.1607,0.1652,0.1607,0.1607,8240000.0
490,1986-08-15,0.1613,0.1629,0.1591,0.1596,4910400.0
491,1986-08-18,0.1596,0.1602,0.1562,0.1579,5297600.0
492,1986-08-19,0.1568,0.1585,0.1546,0.1579,4944000.0
493,1986-08-20,0.1574,0.1629,0.1574,0.1618,6140000.0
494,1986-08-21,0.1613,0.1624,0.1596,0.1596,6992800.0
495,1986-08-22,0.1602,0.1635,0.1602,0.1618,4162400.0
496,1986-08-25,0.1629,0.1646,0.1624,0.1624,4533600.0
497,1986-08-26,0.1624,0.1646,0.1624,0.1635,4713600.0
498,1986-08-27,0.1635,0.1652,0.1618,0.1652,5280000.0
499,1986-08-28,0.1652,0.1696,0.1646,0.1685,7849600.0
500,1986-08-29,0.168,0.1696,0.1646,0.1652,4846400.0
501,1986-09-02,0.1658,0.1658,0.1551,0.1551,8320000.0
502,1986-09-03,0.1551,0.1557,0.1524,0.1551,4216000.0
503,1986-09-04,0.1562,0.1585,0.1551,0.1585,7133600.0
504,1986-09-05,0.1591,0.1602,0.1562,0.1568,3561600.0
505,1986-09-08,0.1562,0.1562,0.1501,0.1551,4522400.0
506,1986-09-09,0.1546,0.1607,0.1546,0.1596,5398400.0
507,1986-09-10,0.1591,0.1602,0.1551,0.1562,2737600.0
508,1986-09-11,0.1546,0.1551,0.1451,0.1457,4842400.0
509,1986-09-12,0.1451,0.1462,0.1417,0.1417,8160000.0
510,1986-09-15,0.144,0.1479,0.1429,0.1479,7973600.0
511,1986-09-16,0.1479,0.1568,0.1451,0.1557,8800000.0
512,1986-09-17,0.1557,0.1562,0.1529,0.1529,4181600.0
513,1986-09-18,0.1529,0.154,0.1507,0.1518,3546400.0
514,1986-09-19,0.1507,0.1512,0.1484,0.1501,4601600.0
515,1986-09-22,0.1496,0.1579,0.1496,0.1574,8560000.0
516,1986-09-23,0.1574,0.1618,0.1568,0.1613,12080000.0
517,1986-09-24,0.1613,0.1624,0.1518,0.1568,6360000.0
518,1986-09-25,0.1568,0.1574,0.1501,0.154,6744800.0
519,1986-09-26,0.1524,0.1535,0.1512,0.1529,2512800.0
520,1986-09-29,0.1501,0.1512,0.1412,0.1451,7475200.0
521,1986-09-30,0.1468,0.1512,0.1457,0.1496,6488800.0
522,1986-10-01,0.149,0.154,0.149,0.1524,4988800.0
523,1986-10-02,0.1507,0.1535,0.1496,0.1524,3401600.0
524,1986-10-03,0.1535,0.1551,0.149,0.1507,4997600.0
525,1986-10-06,0.1507,0.1529,0.1501,0.1524,3384000.0
526,1986-10-07,0.1518,0.1524,0.1468,0.1473,4577600.0
527,1986-10-08,0.1468,0.1473,0.144,0.1462,4021600.0
528,1986-10-09,0.1462,0.1484,0.1457,0.1473,2820000.0
529,1986-10-10,0.1468,0.149,0.1446,0.1484,2096000.0
530,1986-10-13,0.1479,0.1546,0.1473,0.1546,3582400.0
531,1986-10-14,0.1546,0.1574,0.1507,0.1518,7164000.0
532,1986-10-15,0.1496,0.1496,0.1462,0.149,7367200.0
533,1986-10-16,0.149,0.1512,0.1484,0.1501,4876000.0
534,1986-10-17,0.1507,0.1518,0.149,0.1501,5460000.0
535,1986-10-20,0.1496,0.1501,0.1468,0.1468,5344000.0
536,1986-10-21,0.1473,0.1473,0.1457,0.1462,4096000.0
537,1986-10-22,0.1462,0.1468,0.144,0.1451,3382400.0
538,1986-10-23,0.1451,0.1479,0.1451,0.1479,4441600.0
539,1986-10-24,0.1479,0.1484,0.1462,0.1473,2718400.0
540,1986-10-27,0.1496,0.1518,0.1484,0.1518,5422400.0
541,1986-10-28,0.1518,0.1524,0.1473,0.149,5102400.0
542,1986-10-29,0.1496,0.1496,0.1479,0.149,3057600.0
543,1986-10-30,0.1496,0.1551,0.149,0.1529,10480000.0
544,1986-10-31,0.1529,0.1557,0.1529,0.1546,4338400.0
545,1986-11-03,0.1551,0.1568,0.1546,0.1562,5457600.0
546,1986-11-04,0.1557,0.1602,0.1512,0.1596,8800000.0
547,1986-11-05,0.1596,0.1658,0.1585,0.1652,22320000.0
548,1986-11-06,0.1635,0.1646,0.1596,0.1613,11840000.0
549,1986-11-07,0.1607,0.1613,0.1557,0.1596,5153600.0
550,1986-11-10,0.1602,0.1602,0.1568,0.1579,3793600.0
551,1986-11-11,0.1585,0.1596,0.1574,0.1585,1809600.0
552,1986-11-12,0.1596,0.1635,0.1591,0.1635,4700000.0
553,1986-11-13,0.1629,0.1629,0.1585,0.1585,4928800.0
554,1986-11-14,0.1585,0.1585,0.1557,0.1574,4840000.0
555,1986-11-17,0.1574,0.1652,0.1562,0.1624,5071200.0
556,1986-11-18,0.1624,0.1641,0.1568,0.1579,6115200.0
557,1986-11-19,0.1568,0.1574,0.154,0.1562,10800000.0
558,1986-11-20,0.1557,0.1579,0.1557,0.1574,10560000.0
559,1986-11-21,0.1574,0.1618,0.1568,0.1607,10240000.0
560,1986-11-24,0.1618,0.1702,0.1607,0.1696,13440000.0
561,1986-11-25,0.1696,0.1803,0.1696,0.1797,30320000.0
562,1986-11-26,0.1792,0.1842,0.1786,0.1808,18080000.0
563,1986-11-28,0.1808,0.1814,0.1769,0.1786,7897600.0
564,1986-12-01,0.1786,0.1792,0.1747,0.1792,12400000.0
565,1986-12-02,0.1808,0.1864,0.1786,0.1853,13200000.0
566,1986-12-03,0.1858,0.192,0.1853,0.1908,12000000.0
567,1986-12-04,0.1903,0.1908,0.1875,0.1897,9600000.0
568,1986-12-05,0.1903,0.1953,0.1897,0.1953,9360000.0
569,1986-12-08,0.1948,0.1959,0.1892,0.1897,12400000.0
570,1986-12-09,0.1892,0.1903,0.1836,0.1892,10800000.0
571,1986-12-10,0.1892,0.1953,0.1875,0.1942,8720000.0
572,1986-12-11,0.1948,0.1959,0.1903,0.1914,8080000.0
573,1986-12-12,0.1914,0.192,0.1842,0.1842,6451200.0
574,1986-12-15,0.183,0.1864,0.1803,0.1864,7481600.0
575,1986-12-16,0.1858,0.1897,0.1858,0.1897,5464000.0
576,1986-12-17,0.1892,0.1897,0.1825,0.1842,5417600.0
577,1986-12-18,0.1836,0.187,0.1819,0.1847,6258400.0
578,1986-12-19,0.1847,0.1897,0.1847,0.1881,7149600.0
579,1986-12-22,0.1875,0.1897,0.1864,0.1881,5887200.0
580,1986-12-23,0.1886,0.1892,0.187,0.1881,8720000.0
581,1986-12-24,0.1875,0.1881,0.1858,0.187,3453600.0
582,1986-12-26,0.187,0.187,0.183,0.183,3215200.0
583,1986-12-29,0.183,0.1836,0.1797,0.1808,4224800.0
584,1986-12-30,0.1808,0.1853,0.1803,0.183,5297600.0
585,1986-12-31,0.183,0.1847,0.1803,0.1808,4742400.0
586,1987-01-02,0.1803,0.1836,0.1792,0.1825,4360000.0
587,1987-01-05,0.1842,0.1931,0.183,0.192,8560000.0
588,1987-01-06,0.1925,0.1964,0.1903,0.1953,11600000.0
589,1987-01-07,0.1959,0.2004,0.1948,0.1998,15520000.0
590,1987-01-08,0.1998,0.2015,0.1987,0.1998,10400000.0
591,1987-01-09,0.1998,0.2042,0.1981,0.2026,8560000.0
592,1987-01-12,0.2031,0.2042,0.1998,0.2031,8320000.0
593,1987-01-13,0.2015,0.2026,0.1992,0.1992,7584800.0
594,1987-01-14,0.1992,0.2154,0.1987,0.2149,18000000.0
595,1987-01-15,0.2154,0.2294,0.2143,0.2227,19520000.0
596,1987-01-16,0.2232,0.2232,0.2132,0.2176,14560000.0
597,1987-01-19,0.2176,0.2372,0.2138,0.2372,12960000.0
598,1987-01-20,0.2455,0.2489,0.2299,0.2305,27680000.0
599,1987-01-21,0.2271,0.2283,0.2188,0.2188,19040000.0
600,1987-01-22,0.2182,0.235,0.2165,0.2344,16880000.0
601,1987-01-23,0.2344,0.2366,0.2243,0.2243,16400000.0
602,1987-01-26,0.2232,0.2254,0.221,0.2221,12560000.0
603,1987-01-27,0.2232,0.2372,0.2227,0.2355,13520000.0
604,1987-01-28,0.2366,0.2489,0.2327,0.2472,14800000.0
605,1987-01-29,0.2495,0.2556,0.2383,0.2417,19920000.0
606,1987-01-30,0.2411,0.2495,0.235,0.2478,14640000.0
607,1987-02-02,0.2478,0.25,0.2422,0.2495,8800000.0
608,1987-02-03,0.25,0.2506,0.2444,0.2478,6412800.0
609,1987-02-04,0.2478,0.2478,0.2428,0.2455,7791200.0
610,1987-02-05,0.2455,0.2461,0.2372,0.2405,12160000.0
611,1987-02-06,0.2411,0.2411,0.2361,0.2411,10480000.0
612,1987-02-09,0.2361,0.2383,0.2333,0.235,5611200.0
613,1987-02-10,0.2344,0.2355,0.2305,0.2355,5977600.0
614,1987-02-11,0.2366,0.2533,0.2355,0.2522,12240000.0
615,1987-02-12,0.2545,0.2673,0.2545,0.2617,25360000.0
616,1987-02-13,0.2617,0.279,0.2589,0.2774,18240000.0
617,1987-02-17,0.2774,0.2969,0.2762,0.2963,14640000.0
618,1987-02-18,0.2974,0.3008,0.2829,0.2835,16800000.0
619,1987-02-19,0.2835,0.2835,0.2757,0.2785,11200000.0
620,1987-02-20,0.2785,0.279,0.2707,0.2734,6813600.0
621,1987-02-23,0.2718,0.2868,0.2662,0.2818,12560000.0
622,1987-02-24,0.2824,0.2946,0.2818,0.2924,12720000.0
623,1987-02-25,0.2924,0.3103,0.2885,0.3086,16240000.0
624,1987-02-26,0.3103,0.3186,0.3036,0.3086,17840000.0
625,1987-02-27,0.3086,0.317,0.3025,0.3125,14480000.0
626,1987-03-02,0.3136,0.3147,0.2991,0.3013,14160000.0
627,1987-03-03,0.3013,0.3041,0.2891,0.2902,15600000.0
628,1987-03-04,0.2935,0.3047,0.2918,0.3019,16000000.0
629,1987-03-05,0.3013,0.308,0.3002,0.3058,12080000.0
630,1987-03-06,0.3002,0.3052,0.298,0.3002,6332800.0
631,1987-03-09,0.2969,0.298,0.2879,0.2885,9120000.0
632,1987-03-10,0.2879,0.2985,0.2879,0.298,8720000.0
633,1987-03-11,0.3002,0.3036,0.2958,0.2958,7826400.0
634,1987-03-12,0.2946,0.2958,0.2841,0.2913,10800000.0
635,1987-03-13,0.2913,0.2946,0.2835,0.2835,7067200.0
636,1987-03-16,0.2835,0.2913,0.279,0.2913,8800000.0
637,1987-03-17,0.2924,0.3036,0.2902,0.2991,8720000.0
638,1987-03-18,0.3002,0.3013,0.2891,0.2946,10800000.0
639,1987-03-19,0.2935,0.3058,0.2924,0.3052,7396000.0
640,1987-03-20,0.3047,0.3114,0.3047,0.3047,12400000.0
641,1987-03-23,0.3036,0.3047,0.2958,0.3013,8800000.0
642,1987-03-24,0.3025,0.3058,0.2958,0.2958,9600000.0
643,1987-03-25,0.2969,0.2991,0.2913,0.298,9760000.0
644,1987-03-26,0.298,0.3025,0.2969,0.3002,5146400.0
645,1987-03-27,0.3002,0.3013,0.2891,0.2902,4817600.0
646,1987-03-30,0.2835,0.2868,0.2779,0.279,9280000.0
647,1987-03-31,0.2779,0.2891,0.2779,0.2879,9760000.0
648,1987-04-01,0.2812,0.2991,0.2785,0.298,7792800.0
649,1987-04-02,0.3047,0.3203,0.2991,0.3203,27760000.0
650,1987-04-03,0.3192,0.3208,0.3136,0.3203,19280000.0
651,1987-04-06,0.3192,0.3248,0.3092,0.3125,10320000.0
652,1987-04-07,0.3114,0.3136,0.3025,0.3025,9280000.0
653,1987-04-08,0.3025,0.3136,0.3013,0.308,8240000.0
654,1987-04-09,0.3069,0.3192,0.3025,0.317,8480000.0
655,1987-04-10,0.3181,0.3192,0.3114,0.3136,7791200.0
656,1987-04-13,0.3125,0.3136,0.3013,0.3013,5101600.0
657,1987-04-14,0.298,0.3114,0.2969,0.3036,14560000.0
658,1987-04-15,0.3103,0.317,0.3069,0.317,12480000.0
659,1987-04-16,0.3181,0.327,0.317,0.3192,12400000.0
660,1987-04-20,0.3192,0.3248,0.3158,0.3175,5353600.0
661,1987-04-21,0.3136,0.3348,0.3103,0.3337,15440000.0
662,1987-04-22,0.3421,0.3438,0.3304,0.3315,14400000.0
663,1987-04-23,0.3315,0.3449,0.3315,0.3393,10880000.0
664,1987-04-24,0.3382,0.3415,0.3326,0.3337,9120000.0
665,1987-04-27,0.3315,0.3359,0.327,0.3348,13680000.0
666,1987-04-28,0.3382,0.3476,0.3371,0.3438,11600000.0
667,1987-04-29,0.3449,0.356,0.3438,0.3471,10400000.0
668,1987-04-30,0.3482,0.3571,0.3471,0.3538,9040000.0
669,1987-05-01,0.3549,0.3571,0.3516,0.3571,4751200.0
670,1987-05-04,0.3549,0.3583,0.3527,0.356,5095200.0
671,1987-05-05,0.3571,0.3605,0.3482,0.3583,8240000.0
672,1987-05-06,0.3594,0.3672,0.3538,0.3571,10240000.0
673,1987-05-07,0.356,0.3616,0.356,0.3583,6488800.0
674,1987-05-08,0.3594,0.3616,0.3527,0.3527,6618400.0
6016,2010-09-23,-0.0736,0.1561,-0.0854,0.0189,28065128.0
6017,2010-09-24,0.1325,0.1836,0.0771,0.1404,23195972.0
6018,2010-09-27,0.1996,0.2264,0.0936,0.0989,17248434.0
6024,2010-10-05,-0.2282,0.0379,-0.2346,0.0196,17872948.0
6025,2010-10-06,0.0429,0.1286,-0.1118,0.0286,23893058.0
6026,2010-10-07,0.1186,0.1539,0.0793,0.1282,3236436.0
6027,2010-10-08,0.1186,0.2182,0.0575,0.2029,23514402.0
6028,2010-10-11,0.2268,0.3161,0.2218,0.2489,15241040.0
6029,2010-10-12,0.2507,0.3968,0.1464,0.3625,19941320.0
6030,2010-10-13,0.4218,0.4846,0.4075,0.4196,22207569.0
6031,2010-10-14,0.475,0.5029,0.4289,0.4971,15482070.0
6032,2010-10-15,0.6804,0.9504,0.59,0.9411,32935492.0
6033,2010-10-18,1.0743,1.0932,0.925,1.0575,38795950.0
6034,2010-10-19,0.5389,0.9064,0.4154,0.7536,43880778.0
6035,2010-10-20,0.7361,0.9236,0.66,0.7907,25647970.0
6036,2010-10-21,0.8561,0.9411,0.6575,0.7546,19549676.0
6037,2010-10-22,0.7386,0.7732,0.6396,0.6814,13313408.0
6038,2010-10-25,0.7393,0.8289,0.7161,0.7304,13746320.0
6039,2010-10-26,0.66,0.7625,0.6164,0.7021,13894408.0
6040,2010-10-27,0.6879,0.7682,0.6146,0.6943,14027563.0
6041,2010-10-28,0.6986,0.7004,0.4468,0.6018,19594613.0
6042,2010-10-29,0.5657,0.6246,0.4457,0.4496,15375304.0
6043,2010-11-01,0.4939,0.6146,0.4932,0.5639,15072562.0
6044,2010-11-02,0.6646,0.7786,0.6646,0.7489,15393549.0
6045,2010-11-03,0.8207,0.8746,0.7193,0.8718,18101121.0
6046,2010-11-04,0.9664,1.1354,0.9514,1.0671,22809371.0
6047,2010-11-05,1.0571,1.1136,1.0129,1.0264,12901895.0
6048,2010-11-08,1.0289,1.1207,1.0132,1.0796,9979102.0
6049,2010-11-09,1.1664,1.1754,0.9325,0.9889,13629725.0
6050,2010-11-10,1.0089,1.085,0.8986,1.0586,13524481.0
6051,2010-11-11,0.9504,1.0718,0.9236,1.0093,12880271.0
6052,2010-11-12,0.9861,1.0039,0.5443,0.7014,28423066.0
6053,2010-11-15,0.7168,0.7911,0.6386,0.6661,14328021.0
6054,2010-11-16,0.6189,0.6861,0.3904,0.4714,23425851.0
6055,2010-11-17,0.4575,0.5571,0.3346,0.4325,17086914.0
6056,2010-11-18,0.6004,0.76,0.5821,0.7157,17556497.0
6057,2010-11-19,0.6993,0.7146,0.6018,0.655,13744399.0
6058,2010-11-22,0.6532,0.8918,0.6243,0.8918,13948259.0
6059,2010-11-23,0.7879,0.8343,0.6489,0.7264,18458096.0
6060,2010-11-24,0.8432,0.9646,0.8343,0.9432,14795448.0
6061,2010-11-26,0.9054,1.0468,0.8768,0.9504,8490891.0
6062,2010-11-29,0.9682,1.0389,0.8211,1.0171,15777092.0
6063,2010-11-30,0.8982,0.9275,0.8029,0.8129,17838897.0
6064,2010-12-01,0.96,1.0486,0.9504,1.0004,16491096.0
6065,2010-12-02,1.0407,1.0932,0.9464,1.0629,16511813.0
6066,2010-12-03,1.0221,1.0807,0.9982,1.0375,12227469.0
6067,2010-12-06,1.0804,1.2121,1.0725,1.1343,15875367.0
6068,2010-12-07,1.1157,1.1421,1.0257,1.0418,3920125.0
6069,2010-12-08,1.1157,1.1654,1.0257,1.165,11433030.0
6070,2010-12-09,1.205,1.2182,1.0939,1.1204,10474694.0
6071,2010-12-10,1.1164,1.1664,1.0789,1.1489,9377749.0
6072,2010-12-13,1.285,1.3096,1.1646,1.1886,15642677.0
6073,2010-12-14,1.1907,1.2196,1.0932,1.1393,12512910.0
6074,2010-12-15,1.1289,1.2361,1.1,1.1418,14809880.0
6075,2010-12-16,1.1679,1.2221,1.1325,1.1736,11226999.0
6076,2010-12-17,1.1871,1.1929,1.1371,1.1507,13826724.0
6077,2010-12-20,1.1861,1.245,1.0657,1.2079,13681551.0
6078,2010-12-21,1.2361,1.2857,1.2021,1.2789,9099204.0
6079,2010-12-22,1.2846,1.3332,1.2557,1.3132,9459163.0
6080,2010-12-23,1.3075,1.3129,1.2421,1.2575,7982168.0
6081,2010-12-27,1.2307,1.3232,1.1832,1.2961,8886355.0
6082,2010-12-28,1.34,1.3668,1.3096,1.3243,6268402.0
6083,2010-12-29,1.3511,1.3593,1.3111,1.3179,5817500.0
6084,2010-12-30,1.3246,1.3257,1.2379,1.2596,5616028.0
6085,2010-12-31,1.2343,1.2532,1.1757,1.2204,6916261.0
6086,2011-01-03,1.3304,1.4954,1.3018,1.4707,15835566.0
6087,2011-01-04,1.5732,1.5754,1.42,1.5321,11019265.0
6088,2011-01-05,1.47,1.6411,1.4682,1.6289,9074409.0
6089,2011-01-06,1.6546,1.6736,1.5896,1.6193,10705797.0
6090,2011-01-07,1.6286,1.7129,1.5539,1.7046,11140316.0
6091,2011-01-10,1.8014,1.9586,1.7421,1.9307,15970331.0
6092,2011-01-11,2.0175,2.0204,1.8243,1.9018,15759255.0
6093,2011-01-12,1.9593,2.0014,1.9146,2.0011,10768729.0
6094,2011-01-13,2.0275,2.0804,1.9807,2.0461,10536100.0
6095,2011-01-14,2.0536,2.1461,2.0018,2.1461,11029964.0
6096,2011-01-18,1.4679,2.0132,1.3432,1.8664,62293119.0
6097,2011-01-19,2.1418,2.1504,1.7318,1.8018,40409433.0
6098,2011-01-20,1.7157,1.7825,1.4904,1.5818,27217619.0
6099,2011-01-21,1.6207,1.6604,1.3657,1.3689,26942816.0
6100,2011-01-24,1.3743,1.7521,1.3689,1.7521,20442654.0
6101,2011-01-25,1.7121,1.8946,1.6493,1.8932,19417257.0
6102,2011-01-26,1.9489,2.0432,1.8968,1.9807,17990443.0
6103,2011-01-27,1.9782,2.0107,1.9443,1.9579,10068016.0
6104,2011-01-28,1.9921,2.0004,1.6118,1.7039,20451851.0
6105,2011-01-31,1.6932,1.8446,1.6396,1.8189,13347214.0
6106,2011-02-01,1.8896,2.045,1.8782,2.0229,15063083.0
6107,2011-02-02,2.0021,2.0307,1.97,1.9975,9196862.0
6108,2011-02-03,1.9789,1.9946,1.7914,1.9661,14006982.0
6109,2011-02-04,1.9732,2.0825,1.9686,2.0754,11436127.0
6110,2011-02-07,2.125,2.3164,2.1161,2.2675,17061579.0
6111,2011-02-08,2.3318,2.3975,2.2771,2.3861,13434889.0
6112,2011-02-09,2.3857,2.5218,2.3743,2.4918,17089330.0
6113,2011-02-10,2.4643,2.5575,2.1289,2.3625,32878344.0
6114,2011-02-11,2.37,2.4789,2.3268,2.445,13067054.0
6115,2011-02-14,2.4429,2.5389,2.44,2.5282,11002321.0
6116,2011-02-15,2.5286,2.5564,2.47,2.5539,9994761.0
6117,2011-02-16,2.5861,2.7325,2.5754,2.6693,16864990.0
6118,2011-02-17,2.4593,2.5671,2.4332,2.4968,18811723.0
6119,2011-02-18,2.5114,2.5396,2.1832,2.2204,29144532.0
6120,2011-02-22,1.92,2.0361,1.7618,1.7936,30904642.0
6121,2011-02-23,1.7993,2.0089,1.7936,1.9368,23826372.0
6122,2011-02-24,1.9868,2.0271,1.785,1.9461,17608418.0
6123,2011-02-25,2.0311,2.1443,2.0146,2.1346,13368900.0
6124,2011-02-28,2.2446,2.3807,2.2404,2.315,14061428.0
6125,2011-03-01,2.3957,2.4046,2.1175,2.1757,16018591.0
6126,2011-03-02,2.1989,2.3557,2.1432,2.2761,21414198.0
6127,2011-03-03,2.4571,2.55,2.4118,2.5418,17746095.0
6128,2011-03-04,2.56,2.5679,2.4771,2.5575,15532253.0
6129,2011-03-07,2.6075,2.6171,2.2471,2.3918,19308532.0
6130,2011-03-08,2.3757,2.4646,2.2807,2.4061,12589684.0
6131,2011-03-09,2.3679,2.3704,2.2218,2.2886,16115916.0
6132,2011-03-10,2.1689,2.1921,2.0182,2.0814,17964119.0
6133,2011-03-11,2.0336,2.2832,2.0218,2.2714,16722402.0
6134,2011-03-14,2.3139,2.4318,2.2471,2.3275,15392611.0
6135,2011-03-15,1.9182,2.1232,1.8468,2.0371,25434014.0
6136,2011-03-16,1.9146,1.9504,1.3525,1.4864,40739464.0
6137,2011-03-17,1.73,1.8293,1.5096,1.6518,23321071.0
6138,2011-03-18,1.7407,1.7789,1.4861,1.51,26221516.0
6139,2011-03-21,1.7,1.8339,1.6739,1.8182,14488835.0
6140,2011-03-22,1.9346,1.9368,1.8125,1.8861,11562447.0
6141,2011-03-23,1.8175,1.8511,1.6986,1.8143,13275021.0
6142,2011-03-24,1.9093,2.0575,1.8025,2.0207,14274352.0
6143,2011-03-25,2.1314,2.2739,2.0939,2.2554,15876736.0
6144,2011-03-28,2.3129,2.3546,2.2161,2.2161,10879890.0
6145,2011-03-29,2.1168,2.2346,2.0596,2.2346,12434509.0
6146,2011-03-30,2.2232,2.2318,2.1089,2.1514,11627409.0
6147,2011-03-31,2.0704,2.1932,2.0596,2.1468,9635221.0
6148,2011-04-01,2.24,2.2568,1.9611,2.0061,14741937.0
6149,2011-04-04,1.9971,2.0075,1.7861,1.8857,16338321.0
6150,2011-04-05,1.7357,1.9236,1.7004,1.8036,17074032.0
6151,2011-04-06,1.8868,1.9825,1.7411,1.7732,14209435.0
6152,2011-04-07,1.7754,1.8586,1.7014,1.7746,13276704.0
6153,2011-04-08,1.8404,1.8486,1.6271,1.6668,13403514.0
6154,2011-04-11,1.6311,1.6886,1.4868,1.5146,14182767.0
6155,2011-04-12,1.5036,1.6193,1.4932,1.5718,15113003.0
6156,2011-04-13,1.6654,1.7054,1.5761,1.705,12147974.0
6157,2011-04-14,1.6575,1.7004,1.5596,1.5725,10658202.0
6158,2011-04-15,1.6039,1.6161,1.3718,1.3954,16063189.0
6159,2011-04-18,1.3468,1.5657,1.1346,1.5521,21643468.0
6160,2011-04-19,1.5968,1.7711,1.5471,1.7668,14777699.0
6161,2011-04-20,1.9686,2.0486,1.8968,1.9293,19745974.0
6162,2011-04-21,2.3789,2.3836,2.1475,2.225,26746331.0
6163,2011-04-25,2.2125,2.3343,2.2111,2.3075,9396092.0
6164,2011-04-26,2.3296,2.3786,2.1771,2.2154,11959787.0
6165,2011-04-27,2.2804,2.2843,2.0968,2.2057,12495702.0
6166,2011-04-28,2.0643,2.1914,2.0404,2.0843,12650806.0
6167,2011-04-29,2.0854,2.3414,2.0811,2.205,28671115.0
6168,2011-05-02,2.1911,2.2168,2.0396,2.0675,15732208.0
6169,2011-05-03,2.1286,2.1964,2.0439,2.1361,11093036.0
6170,2011-05-04,2.1382,2.2657,2.0889,2.185,13624382.0
6171,2011-05-05,2.1432,2.2343,2.0593,2.0843,11859289.0
6172,2011-05-06,2.1893,2.2004,2.065,2.0811,9915649.0
6173,2011-05-09,2.1239,2.1718,2.0761,2.1146,7216205.0
6174,2011-05-10,2.1607,2.1893,2.0811,2.1807,9892036.0
6175,2011-05-11,2.1654,2.2004,2.0304,2.1014,11865025.0
6176,2011-05-12,2.0618,2.0975,1.9243,2.0779,11347005.0
6177,2011-05-13,2.0454,2.0664,1.8557,1.8611,11537376.0
6178,2011-05-16,1.8146,1.8868,1.5789,1.6039,15871384.0
6179,2011-05-17,1.5575,1.7054,1.5121,1.7054,16092594.0
6180,2011-05-18,1.7171,1.8807,1.7004,1.8386,11900471.0
6181,2011-05-19,1.9175,1.9293,1.7957,1.8621,9118493.0
6182,2011-05-20,1.8275,1.8771,1.6654,1.6725,11966380.0
6183,2011-05-23,1.485,1.6996,1.4654,1.6432,13574667.0
6184,2011-05-24,1.6825,1.6964,1.5339,1.5643,11435117.0
6185,2011-05-25,1.6086,1.7918,1.5879,1.7282,10392327.0
6186,2011-05-26,1.6993,1.7321,1.6443,1.6646,7842296.0
6187,2011-05-27,1.6575,1.7586,1.64,1.7507,7214975.0
6188,2011-05-31,1.8825,2.1229,1.8789,2.1229,14432921.0
6189,2011-06-01,2.16,2.2764,2.0093,2.04,19667083.0
6190,2011-06-02,2.0654,2.1232,2.005,2.0654,16780815.0
6191,2011-06-03,1.9568,2.0336,1.915,1.9661,11027105.0
6192,2011-06-06,2.0468,2.095,1.765,1.7732,16309959.0
6193,2011-06-07,1.7779,1.7796,1.5539,1.5589,18806935.0
6194,2011-06-08,1.5496,1.6575,1.5093,1.5661,11844874.0
6195,2011-06-09,1.6021,1.6171,1.5129,1.5393,9764713.0
6196,2011-06-10,1.5057,1.5454,1.3257,1.3396,15365802.0
6197,2011-06-13,1.3861,1.4257,1.31,1.3646,11726178.0
6198,2011-06-14,1.4861,1.6021,1.4614,1.5732,11663024.0
6199,2011-06-15,1.4771,1.4968,1.3032,1.37,13695747.0
6200,2011-06-16,1.3754,1.4389,1.0693,1.3132,18033630.0
6201,2011-06-17,1.45,1.4593,1.1061,1.1382,21395808.0
6202,2011-06-20,1.0343,1.0468,0.7896,0.9618,22770148.0
6203,2011-06-21,1.0104,1.3361,0.9575,1.3182,17468389.0
6204,2011-06-22,1.3132,1.4468,1.2139,1.2221,13856682.0
6205,2011-06-23,1.0911,1.5464,1.0618,1.53,19820526.0
6206,2011-06-24,1.535,1.5986,1.3107,1.3557,15373054.0
6207,2011-06-27,1.4,1.6254,1.3879,1.5589,12044073.0
6208,2011-06-28,1.6164,1.7254,1.6089,1.6739,10351819.0
6209,2011-06-29,1.7018,1.7136,1.5532,1.6304,12555867.0
6210,2011-06-30,1.6539,1.705,1.5875,1.6886,11420240.0
6211,2011-07-01,1.6986,1.9682,1.6361,1.9596,15450575.0
6212,2011-07-05,1.9504,2.1943,1.9325,2.18,12561327.0
6213,2011-07-06,2.1629,2.3468,2.0829,2.2632,15793787.0
6214,2011-07-07,2.3671,2.4861,2.3432,2.4575,14158328.0
6215,2011-07-08,2.3196,2.5575,2.2789,2.5471,17381049.0
6216,2011-07-11,2.4268,2.5493,2.3011,2.3432,15679191.0
6217,2011-07-12,2.3264,2.4746,2.1511,2.3343,16043538.0
6218,2011-07-13,2.4979,2.5575,2.4282,2.4868,13847071.0
6219,2011-07-14,2.5936,2.615,2.4268,2.4779,14982998.0
6220,2011-07-15,2.5993,2.7361,2.5279,2.7332,17063115.0
6221,2011-07-18,2.7514,3.0807,2.7461,3.0504,20250016.0
6222,2011-07-19,3.2004,3.2236,3.0332,3.1593,24570247.0
6223,2011-07-20,3.8475,3.8529,3.4861,3.5182,33459356.0
6224,2011-07-21,3.52,3.6311,3.4111,3.5321,18478111.0
6225,2011-07-22,3.5689,3.8093,3.5486,3.7468,18341935.0
6226,2011-07-25,3.6414,3.9861,3.6154,3.9325,20944106.0
6227,2011-07-26,3.9861,4.1468,3.9746,4.1079,16911938.0
6228,2011-07-27,4.0071,4.0804,3.7057,3.7214,23344066.0
6229,2011-07-28,3.6868,3.8786,3.5621,3.6939,21062882.0
6230,2011-07-29,3.5446,3.8129,3.4146,3.6461,22373677.0
6231,2011-08-01,3.9068,3.9682,3.7136,3.87,21653206.0
6232,2011-08-02,3.9021,3.9111,3.57,3.59,22700509.0
6233,2011-08-03,3.6639,3.7557,3.3518,3.7207,25783213.0
6234,2011-08-04,3.6079,3.6761,3.1771,3.1779,30858066.0
6235,2011-08-05,3.2875,3.3968,2.6493,3.0439,42719143.0
6236,2011-08-08,2.6179,2.835,2.3082,2.315,40355888.0
6237,2011-08-09,2.6039,3.0793,2.3789,3.0579,38170750.0
6238,2011-08-10,2.9557,3.0807,2.6468,2.6893,31123138.0
6239,2011-08-11,2.9332,3.1093,2.7261,3.0468,26140897.0
6240,2011-08-12,3.2029,3.2589,3.0657,3.1643,18817569.0
6241,2011-08-15,3.2586,3.4493,3.2036,3.3936,16323133.0
6242,2011-08-16,3.3261,3.3921,3.1311,3.2889,17671571.0
6243,2011-08-17,3.3543,3.4332,3.2004,3.2875,15634891.0
6244,2011-08-18,2.9446,3.0093,2.6064,2.7736,30138885.0
6245,2011-08-19,2.635,2.8075,2.4146,2.4157,27485367.0
6246,2011-08-22,2.7186,2.7318,2.3821,2.4304,19039076.0
6247,2011-08-23,2.5682,3.0446,2.4504,3.0432,23239125.0
6248,2011-08-24,3.0386,3.2346,2.9361,3.1354,20832685.0
6249,2011-08-25,2.7389,3.1093,2.7361,3.0475,30981372.0
6250,2011-08-26,2.9564,3.4075,2.9432,3.3996,22758664.0
6251,2011-08-29,3.5639,3.6825,3.5575,3.6279,14376215.0
6252,2011-08-30,3.5664,3.6946,3.4936,3.6286,14868989.0
6253,2011-08-31,3.6493,3.7032,3.3382,3.4443,18378515.0
6254,2011-09-01,3.4796,3.5339,3.2975,3.3086,12087458.0
6255,2011-09-02,3.0839,3.2004,2.98,3.0593,15547467.0
6256,2011-09-06,2.8207,3.2836,2.7889,3.2625,18099979.0
6257,2011-09-07,3.4704,3.4718,3.3432,3.4121,12365902.0
6258,2011-09-08,3.3575,3.5793,3.3543,3.4196,14778833.0
6259,2011-09-09,3.4121,3.4861,3.0939,3.1818,20058033.0
6260,2011-09-12,3.0218,3.3032,2.9825,3.2696,16554022.0
6261,2011-09-13,3.3482,3.4936,3.2807,3.4368,15620673.0
6262,2011-09-14,3.5225,3.7079,3.4775,3.6039,18924253.0
6263,2011-09-15,3.68,3.7596,3.6254,3.7346,14513050.0
6264,2011-09-16,3.8268,4.0039,3.8086,4.0039,23930950.0
6265,2011-09-19,3.8789,4.4586,3.8146,4.4014,29266264.0
6266,2011-09-20,4.5307,4.8025,4.3857,4.4664,27472280.0
6267,2011-09-21,4.6875,4.7571,4.4146,4.4196,21404617.0
6268,2011-09-22,4.0229,4.3368,3.8682,4.0511,34330721.0
6269,2011-09-23,3.9961,4.2268,3.9807,4.1396,19336597.0
6270,2011-09-26,3.9811,4.1282,3.6754,4.0993,28821009.0
6271,2011-09-27,4.2979,4.3164,3.9168,3.9596,22434335.0
6272,2011-09-28,3.9929,4.1196,3.8614,3.8793,15211914.0
6273,2011-09-29,4.0546,4.065,3.4936,3.6493,23181445.0
6274,2011-09-30,3.5261,3.5893,3.3139,3.3189,19218286.0
6275,2011-10-03,3.285,3.3661,3.0279,3.0789,23618255.0
6276,2011-10-04,3.0779,3.3361,2.3518,3.0039,43740903.0
6277,2011-10-05,2.8382,3.2654,2.5682,3.2093,27901296.0
6278,2011-10-06,3.0336,3.4425,2.9789,3.1779,28896516.0
6279,2011-10-07,3.1211,3.1911,2.8604,2.9075,18998434.0
6280,2011-10-10,3.2393,3.5864,3.2079,3.5864,15566257.0
6281,2011-10-11,3.7207,4.0996,3.6825,3.9964,21537162.0
6282,2011-10-12,4.2482,4.3164,3.9911,4.0643,22076844.0
6283,2011-10-13,4.1639,4.2871,4.0879,4.2871,14851382.0
6284,2011-10-14,4.5871,4.7718,4.5314,4.7718,19984956.0
6285,2011-10-17,4.7625,4.9396,4.5554,4.7,23974401.0
6286,2011-10-18,4.7632,4.8718,4.5571,4.7804,24299067.0
6287,2011-10-19,4.0343,4.2864,3.9075,3.9368,39262346.0
6288,2011-10-20,3.9861,3.9986,3.7793,3.8186,19500267.0
6289,2011-10-21,3.9182,3.9554,3.6557,3.7314,21950962.0
6290,2011-10-24,3.8496,4.2182,3.8218,4.1921,17842424.0
6291,2011-10-25,4.1657,4.22,3.8925,3.9064,15214579.0
6292,2011-10-26,4.0489,4.0771,3.7414,4.0075,16067516.0
6293,2011-10-27,4.2561,4.3075,4.0536,4.1536,17399338.0
6294,2011-10-28,4.0932,4.2129,4.0757,4.1629,11327285.0
6295,2011-10-31,4.0725,4.3193,4.0236,4.1568,13617546.0
6296,2011-11-01,3.8936,3.9682,3.7439,3.8614,18851286.0
6297,2011-11-02,3.9893,4.0018,3.8114,3.8936,11376477.0
6298,2011-11-03,3.9529,4.1075,3.8204,4.0957,15640256.0
6299,2011-11-04,4.0586,4.1089,3.9561,3.9968,10592860.0
6300,2011-11-07,3.9829,3.9861,3.8479,3.9764,9505252.0
6301,2011-11-08,4.065,4.2718,4.0418,4.2086,14163741.0
6302,2011-11-09,3.8779,4.0179,3.78,3.8175,19663510.0
6303,2011-11-10,3.88,3.8864,3.3486,3.4582,26498687.0
6304,2011-11-11,3.5079,3.5825,3.2811,3.4368,23189218.0
6305,2011-11-14,3.3975,3.4593,3.2075,3.2454,15257196.0
6306,2011-11-15,3.3004,3.6111,3.2521,3.5871,15286678.0
6307,2011-11-16,3.6021,3.6696,3.4261,3.4421,12340203.0
6308,2011-11-17,3.4139,3.4354,3.1111,3.1793,17019512.0
6309,2011-11-18,3.2332,3.2714,3.0889,3.0911,13088070.0
6310,2011-11-21,2.9289,2.9746,2.7686,2.8793,15780318.0
6311,2011-11-22,2.9511,3.1979,2.9482,3.1471,14291595.0
6312,2011-11-23,3.0757,3.1232,2.8032,2.8071,15195163.0
6313,2011-11-25,2.8582,2.9557,2.6761,2.685,9092755.0
6314,2011-11-28,2.9986,3.1546,2.9264,3.1332,12136756.0
6315,2011-11-29,3.1232,3.23,2.9218,3.0289,13376608.0
6316,2011-11-30,3.3179,3.3504,3.2111,3.3504,14038533.0
6317,2011-12-01,3.3625,3.5932,3.2986,3.555,13529916.0
6318,2011-12-02,3.6229,3.7586,3.5782,3.6182,13421692.0
6319,2011-12-05,3.7536,3.8579,3.6425,3.7364,12603785.0
6320,2011-12-06,3.7186,3.7943,3.6068,3.6629,10094360.0
6321,2011-12-07,3.6264,3.6625,3.5132,3.5964,10692779.0
6322,2011-12-08,3.6807,3.8254,3.6371,3.6525,13353407.0
6323,2011-12-09,3.7307,3.7732,3.6657,3.7582,10531982.0
6324,2011-12-12,3.6889,3.7682,3.6093,3.6946,10612882.0
6325,2011-12-13,3.7361,3.8218,3.5254,3.5864,11991133.0
6326,2011-12-14,3.5111,3.5354,3.1889,3.2786,14412374.0
6327,2011-12-15,3.3907,3.4054,3.2114,3.2339,9107179.0
6328,2011-12-16,3.2846,3.42,3.2564,3.3082,13746207.0
6329,2011-12-19,3.36,3.445,3.2889,3.3507,8235349.0
6330,2011-12-20,3.5489,3.8468,3.5311,3.8414,11886001.0
6331,2011-12-21,3.8679,3.8896,3.7007,3.8589,9284041.0
6332,2011-12-22,3.8789,3.955,3.8468,3.9343,7096689.0
6333,2011-12-23,3.975,4.1143,3.9679,4.105,9588317.0
6334,2011-12-27,4.0968,4.3107,4.0939,4.2193,9430760.0
6335,2011-12-28,4.2321,4.2807,4.0339,4.0804,8080603.0
6336,2011-12-29,4.1075,4.1879,4.0043,4.1689,7308723.0
6337,2011-12-30,4.1114,4.2104,4.1107,4.1646,6295885.0
6338,2012-01-03,4.3218,4.4325,4.3075,4.3871,10690270.0
6339,2012-01-04,4.3432,4.5104,4.3175,4.4661,9181249.0
6340,2012-01-05,4.52,4.6486,4.4386,4.63,9606776.0
6341,2012-01-06,4.6921,4.7986,4.6725,4.7861,11291702.0
6342,2012-01-09,4.8968,4.9771,4.7486,4.7621,13988481.0
6343,2012-01-10,4.9114,4.9146,4.7539,4.8161,9101673.0
6344,2012-01-11,4.7961,4.8021,4.6757,4.7914,7625850.0
6345,2012-01-12,4.7818,4.8039,4.6557,4.75,7560105.0
6346,2012-01-13,4.6896,4.7164,4.6525,4.6936,7951992.0
6347,2012-01-17,4.8504,4.9143,4.8061,4.8682,8518366.0
6348,2012-01-18,4.9489,5.0386,4.9254,5.0257,9736615.0
6349,2012-01-19,5.0629,5.1061,4.9329,4.9771,9185228.0
6350,2012-01-20,4.9679,4.9682,4.6914,4.7111,14555057.0
6351,2012-01-23,4.7957,5.0021,4.7825,4.9646,10801856.0
6352,2012-01-24,4.8825,4.8825,4.6843,4.715,13458650.0
6353,2012-01-25,5.9304,5.9307,5.5479,5.6525,34048471.0
6354,2012-01-26,5.7132,5.7286,5.5268,5.58,11497751.0
6355,2012-01-27,5.5696,5.7175,5.5493,5.6746,10630874.0
6356,2012-01-30,5.6186,5.9111,5.6071,5.8793,13295526.0
6357,2012-01-31,5.9714,6.0661,5.8814,6.0032,13481635.0
6358,2012-02-01,6.0721,6.0929,5.97,5.9929,9508157.0
6359,2012-02-02,5.9825,6.0279,5.9139,5.9546,6625272.0
6360,2012-02-03,6.0325,6.1289,5.9704,6.1175,10164851.0
6361,2012-02-06,6.0711,6.3068,6.0646,6.2707,8825968.0
6362,2012-02-07,6.3164,6.4771,6.2925,6.4443,11235701.0
6363,2012-02-08,6.5039,6.7286,6.4754,6.7246,14458651.0
6364,2012-02-09,6.8704,7.4414,6.8632,7.3136,31376086.0
6365,2012-02-10,7.2346,7.4725,7.1486,7.3225,22330169.0
6366,2012-02-13,7.5407,7.6943,7.4536,7.6504,18274178.0
6367,2012-02-14,7.7239,7.8989,7.6289,7.8954,16232930.0
6368,2012-02-15,8.0668,8.4964,7.4464,7.4743,53306870.0
6369,2012-02-16,7.2539,7.7321,7.08,7.6364,33241808.0
6370,2012-02-17,7.6686,7.835,7.5682,7.6332,18765242.0
6371,2012-02-21,7.8032,8.0879,7.7046,8.0879,21287220.0
6372,2012-02-22,8.0961,8.1943,7.8968,8.1429,20172814.0
6373,2012-02-23,8.0961,8.1943,7.8968,8.1429,20172814.0
6374,2012-02-24,8.26,8.3754,8.2232,8.3579,14442899.0
6375,2012-02-27,8.3186,8.5754,8.1389,8.4775,19391974.0
6376,2012-02-28,8.5561,8.8221,8.4807,8.8221,21056216.0
6377,2012-02-29,9.0418,9.2579,8.8325,9.0732,33320628.0
6378,2012-03-01,9.2779,9.2793,8.9421,9.1457,24292048.0
6379,2012-03-02,9.1375,9.2289,9.0761,9.1711,15181228.0
6380,2012-03-05,9.1796,9.2532,8.4861,8.7418,28771193.0
6381,2012-03-06,8.4025,8.7607,8.1368,8.6382,28794217.0
6382,2012-03-07,8.8718,8.9068,8.3896,8.6536,28293036.0
6383,2012-03-08,8.7964,9.0929,8.7046,9.0571,18340291.0
6384,2012-03-09,9.1364,9.2625,9.0971,9.1707,14838263.0
6385,2012-03-12,9.3068,9.4146,9.2361,9.4146,14337321.0
6386,2012-03-13,9.6125,9.9925,9.5486,9.9896,24296862.0
6387,2012-03-14,10.345,10.9404,10.2504,10.7568,50357525.0
6388,2012-03-15,11.115,11.1293,10.3629,10.6132,41222038.0
6389,2012-03-16,10.5832,10.7432,10.3432,10.6143,18913416.0
6390,2012-03-19,11.0707,11.1921,10.7379,11.1682,31650160.0
6391,2012-03-20,11.1114,11.3754,10.4861,11.3418,28873489.0
6392,2012-03-21,11.2268,11.4736,11.1793,11.2182,22272427.0
6393,2012-03-22,11.0496,11.2896,10.9693,11.1054,22095841.0
6394,2012-03-23,11.1464,11.1932,10.9289,10.9879,15216789.0
6395,2012-03-26,11.1214,11.3689,10.9596,11.3557,17195036.0
6396,2012-03-27,11.3496,11.7104,11.3454,11.6461,21477276.0
6397,2012-03-28,11.7854,11.895,11.4971,11.7582,23153951.0
6398,2012-03-29,11.5854,11.7204,11.3871,11.4811,21099577.0
6399,2012-03-30,11.4421,11.5061,11.0554,11.1129,25766741.0
6400,2012-04-02,11.1943,11.7993,11.1425,11.7943,21195261.0
6401,2012-04-03,12.1039,12.2793,11.9329,12.1761,29658352.0
6402,2012-04-04,11.9986,12.0525,11.7361,11.9971,20146150.0
6403,2012-04-05,12.0925,12.3668,11.9646,12.3318,22784225.0
6404,2012-04-09,12.0621,12.5518,12.0325,12.4229,21230393.0
6405,2012-04-10,12.555,12.7004,12.0575,12.1446,31555681.0
6406,2012-04-11,12.4218,12.4457,11.9625,12.0646,24749920.0
6407,2012-04-12,12.0218,12.2479,11.8611,11.9421,21746783.0
6408,2012-04-13,11.99,12.0111,11.2543,11.3157,30541381.0
6409,2012-04-16,11.4882,11.4961,10.3521,10.4193,37345204.0
6410,2012-04-17,10.3768,11.4861,10.1257,11.4754,36263222.0
6411,2012-04-18,11.6189,11.8521,11.2257,11.4268,33833839.0
6412,2012-04-19,11.1368,11.2979,10.5761,10.7079,27782816.0
6413,2012-04-20,10.8211,10.9368,10.0725,10.1639,36396709.0
6414,2012-04-23,10.0793,10.2957,9.5796,10.1182,34356921.0
6415,2012-04-24,9.7936,9.975,9.5218,9.7104,32093202.0
6416,2012-04-25,11.6871,11.7718,11.3432,11.4861,32164585.0
6417,2012-04-26,11.6386,11.6536,11.205,11.4039,18935027.0
6418,2012-04-27,11.31,11.3496,11.1468,11.2361,14399693.0
6419,2012-04-30,11.0504,11.0718,10.5218,10.5568,17860973.0
6420,2012-05-01,10.5896,11.0132,10.4586,10.4907,21668674.0
6421,2012-05-02,10.4232,10.6789,10.3739,10.6282,15183387.0
6422,2012-05-03,10.7896,10.8218,10.4254,10.4796,13739505.0
6423,2012-05-04,10.3104,10.3561,9.885,9.8879,18752364.0
6424,2012-05-07,9.7539,10.1564,9.7443,10.0389,16387245.0
6425,2012-05-08,10.0425,10.1111,9.655,9.9925,17674209.0
6426,2012-05-09,9.8325,10.1993,9.7307,10.0282,17045096.0
6427,2012-05-10,10.2211,10.2675,10.0018,10.0761,11742281.0
6428,2012-05-11,9.8789,10.2171,9.8557,9.94,14182292.0
6429,2012-05-14,9.7921,9.9686,9.6146,9.6368,12510803.0
6430,2012-05-15,9.7521,9.8154,9.4057,9.4564,16938245.0
6431,2012-05-16,9.4879,9.5893,9.0232,9.2029,19899741.0
6432,2012-05-17,9.1757,9.2539,8.6332,8.6332,25364722.0
6433,2012-05-18,8.7704,9.1079,8.3496,8.6425,25937677.0
6434,2012-05-21,8.7896,9.7554,8.7736,9.7461,22281521.0
6435,2012-05-22,10.0414,10.1961,9.4354,9.5921,24717703.0
6436,2012-05-23,9.6111,10.1575,9.4586,10.0775,20587044.0
6437,2012-05-24,10.2671,10.2896,9.7443,9.8904,17631778.0
6438,2012-05-25,9.8643,9.9093,9.6457,9.7821,11669061.0
6439,2012-05-29,10.0896,10.2004,9.89,10.1386,13464166.0
6440,2012-05-30,10.0289,10.4143,9.9346,10.385,18798659.0
6441,2012-05-31,10.4411,10.4682,10.1096,10.3336,17280851.0
6442,2012-06-01,10.0275,10.1521,9.7189,9.7357,18494664.0
6443,2012-06-04,9.7539,9.9682,9.2896,9.8536,19754906.0
6444,2012-06-05,9.7457,9.9314,9.6407,9.8014,13798208.0
6445,2012-06-06,9.9779,10.195,9.8968,10.1096,14245285.0
6446,2012-06-07,10.3179,10.3189,10.0754,10.1189,13480672.0
6447,2012-06-08,10.1146,10.4354,10.0218,10.4261,12217633.0
6448,2012-06-11,10.6904,10.7182,10.08,10.0993,20940058.0
6449,2012-06-12,10.2168,10.2939,9.9396,10.2775,15377065.0
6450,2012-06-13,10.2189,10.3604,10.0711,10.1346,10117134.0
6451,2012-06-14,10.1018,10.1825,9.9596,10.1121,12254015.0
6452,2012-06-15,10.0932,10.2225,10.0414,10.205,11418748.0
6453,2012-06-18,10.0918,10.6964,10.0707,10.6211,15506726.0
6454,2012-06-19,10.5361,10.7718,10.5254,10.6793,12813489.0
6455,2012-06-20,10.7079,10.745,10.4432,10.6196,12706191.0
6456,2012-06-21,10.6089,10.7082,10.3232,10.3314,11549648.0
6457,2012-06-22,10.3804,10.4929,10.2511,10.4896,9660953.0
6458,2012-06-25,10.3182,10.4075,10.0707,10.0846,10797549.0
6459,2012-06-26,10.105,10.2179,9.9621,10.1296,9800576.0
6460,2012-06-27,10.2361,10.2982,10.1261,10.2182,7222796.0
6461,2012-06-28,10.1171,10.2004,9.9007,10.0236,10013701.0
6462,2012-07-02,10.5836,10.8957,10.5432,10.8618,14186051.0
6463,2012-07-03,10.9461,11.1289,10.9146,11.1079,8625608.0
6464,2012-07-05,11.1489,11.6411,11.1164,11.4839,17186072.0
6465,2012-07-06,11.3821,11.4304,11.1854,11.3389,14906219.0
6466,2012-07-09,11.3182,11.6254,11.2757,11.625,13471926.0
6467,2012-07-10,11.7707,11.8386,11.3186,11.4221,18165175.0
6468,2012-07-11,11.3475,11.4025,11.0296,11.2871,16617613.0
6469,2012-07-12,11.1375,11.2529,10.8675,11.0896,15239351.0
6470,2012-07-13,11.2343,11.3857,11.1289,11.3064,11062114.0
6471,2012-07-16,11.3118,11.5439,11.3082,11.3757,10661257.0
6472,2012-07-17,11.5143,11.5396,11.2414,11.3768,10429507.0
6473,2012-07-18,11.3643,11.4268,11.2561,11.3525,8799789.0
6474,2012-07-19,11.5318,11.6771,11.3432,11.6404,15496417.0
6475,2012-07-20,11.5943,11.6446,11.2611,11.2825,14030992.0
6476,2012-07-23,10.9289,11.3396,10.69,11.2657,17317457.0
6477,2012-07-24,11.3925,11.4746,11.0757,11.1618,15481042.0
6478,2012-07-25,10.2168,10.4432,10.0575,10.235,31250167.0
6479,2012-07-26,10.4061,10.4289,10.0704,10.2318,14467071.0
6480,2012-07-27,10.2364,10.6229,10.1143,10.5989,14335922.0
6481,2012-07-30,10.8046,11.1089,10.6939,10.9514,13464349.0
6482,2012-07-31,11.2443,11.5468,11.2261,11.5132,16362464.0
6483,2012-08-01,11.6968,11.7146,11.2361,11.3721,13685396.0
6484,2012-08-02,11.2304,11.5107,11.1379,11.4071,11142125.0
6485,2012-08-03,11.6157,11.7711,11.5418,11.6896,12186234.0
6486,2012-08-06,11.7464,12.0168,11.6739,11.9343,10759421.0
6487,2012-08-07,11.9421,12.0218,11.7732,11.8757,10348051.0
6488,2012-08-08,11.8214,11.9818,11.7396,11.8382,8676148.0
6489,2012-08-09,11.8611,11.9996,11.8593,11.9639,7840259.0
6490,2012-08-10,11.8918,12.0007,11.8914,11.9986,6929456.0
6491,2012-08-13,12.0589,12.295,12.0539,12.295,9884385.0
6492,2012-08-14,12.3618,12.6025,12.3025,12.3554,12084206.0
6493,2012-08-15,12.3414,12.4379,12.2146,12.3246,9148419.0
6494,2012-08-16,12.3382,12.5364,12.3129,12.5214,9040252.0
6495,2012-08-17,12.6521,12.9446,12.6096,12.9418,15683848.0
6496,2012-08-20,13.0096,13.5504,13.0057,13.5504,21807417.0
6497,2012-08-21,13.7529,13.8979,13.0211,13.2257,28806279.0
6498,2012-08-22,13.1671,13.6879,12.9418,13.6832,20091618.0
6499,2012-08-23,13.5846,13.72,13.4075,13.4604,14934753.0
6500,2012-08-24,13.3489,13.705,13.2075,13.4814,15249541.0
6501,2012-08-27,14.0804,14.1118,13.85,13.9264,15150681.0
6502,2012-08-28,13.9011,13.9414,13.7475,13.895,9477019.0
6503,2012-08-29,13.9111,13.9975,13.8164,13.8471,7181017.0
6504,2012-08-30,13.7464,13.7789,13.4682,13.5043,10536301.0
6505,2012-08-31,13.6254,13.6736,13.2682,13.5536,11913095.0
6506,2012-09-04,13.5721,13.9071,13.5271,13.9011,13090385.0
6507,2012-09-05,13.9225,13.9504,13.7093,13.7318,11965453.0
6508,2012-09-06,13.8368,14.0196,13.7521,13.9475,13882778.0
6509,2012-09-07,14.0111,14.1693,13.9296,14.0964,11651332.0
6510,2012-09-10,14.0968,14.1982,13.4414,13.4643,17157880.0
6511,2012-09-11,13.5489,13.7271,13.2414,13.3875,17932537.0
6512,2012-09-12,13.6111,13.72,13.2236,13.7161,25161970.0
6513,2012-09-13,13.9868,14.2771,13.8939,14.1871,21258553.0
6514,2012-09-14,14.4361,14.6871,14.3625,14.4836,21314633.0
6515,2012-09-17,14.7718,14.7879,14.6025,14.7871,13832452.0
6516,2012-09-18,14.7907,14.8782,14.6671,14.8632,13127569.0
6517,2012-09-19,14.8043,14.9375,14.7796,14.87,11561454.0
6518,2012-09-20,14.765,14.7971,14.5671,14.7486,11936829.0
6519,2012-09-21,14.8811,14.9761,14.7721,14.7982,19195495.0
6520,2012-09-24,14.3257,14.6207,14.1879,14.4661,22716319.0
6521,2012-09-25,14.3757,14.5371,13.8307,13.85,18274398.0
6522,2012-09-26,13.6786,13.8196,13.4093,13.5514,20521751.0
6523,2012-09-27,13.5196,14.1582,13.3789,14.1279,21046667.0
6524,2012-09-28,14.0361,14.1204,13.6075,13.62,18953936.0
6525,2012-10-01,13.765,13.9646,13.2414,13.3446,19321086.0
6526,2012-10-02,13.4311,13.5932,13.0325,13.4132,22280413.0
6527,2012-10-03,13.54,13.79,13.4604,13.7754,15027250.0
6528,2012-10-04,13.7682,13.8754,13.5646,13.6093,13144251.0
6529,2012-10-05,13.5521,13.5807,13.055,13.1018,20925361.0
6530,2012-10-08,12.8979,12.9221,12.5132,12.5868,22689941.0
6531,2012-10-09,12.6039,12.6696,12.0646,12.5039,29830301.0
6532,2012-10-10,12.6429,12.83,12.545,12.6846,18149307.0
6533,2012-10-11,12.8843,12.9093,12.2271,12.2271,19425720.0
6534,2012-10-12,12.2793,12.4871,12.1271,12.2846,16345527.0
6535,2012-10-15,12.3789,12.4782,12.0754,12.465,15371571.0
6536,2012-10-16,12.4868,13.02,12.3307,13.0018,19504205.0
6537,2012-10-17,12.9689,13.1089,12.795,12.8168,13855138.0
6538,2012-10-18,12.6375,12.7257,12.295,12.3893,16953029.0
6539,2012-10-19,12.3325,12.3582,11.5671,11.575,26273765.0
6540,2012-10-22,11.6671,12.4871,11.6079,12.4389,19395313.0
6541,2012-10-23,12.3307,12.4343,11.6414,11.7004,25155946.0
6542,2012-10-24,11.9893,12.1718,11.6036,11.8246,19823377.0
6543,2012-10-25,11.9379,12.0093,11.4218,11.5639,20143462.0
6544,2012-10-26,11.5604,11.7236,10.9021,11.3664,36276458.0
6545,2012-10-31,11.0407,11.2936,10.7843,11.0564,18043028.0
6546,2012-11-01,11.16,11.3307,11.0154,11.1,12680892.0
6547,2012-11-02,11.0768,11.1146,10.3218,10.395,21216045.0
6548,2012-11-05,10.6346,10.7868,10.4236,10.6743,18833909.0
6549,2012-11-06,10.8746,10.8929,10.5125,10.6111,13228409.0
6550,2012-11-07,10.3836,10.4089,9.7379,9.8182,28188519.0
6551,2012-11-08,9.9121,9.9693,9.0071,9.095,37540077.0
6552,2012-11-09,9.1904,9.7068,8.9511,9.4275,33137967.0
6553,2012-11-12,9.6807,9.6932,9.1271,9.2764,18527030.0
6554,2012-11-13,9.1364,9.5496,9.0454,9.2786,18714088.0
6555,2012-11-14,9.3718,9.4414,9.0389,9.0639,16918792.0
6556,2012-11-15,9.0871,9.1575,8.5546,8.6618,28112056.0
6557,2012-11-16,8.6468,8.8182,7.9521,8.735,44930252.0
6558,2012-11-19,9.2007,10.1575,9.1711,10.0943,29176652.0
6559,2012-11-20,10.315,11.5504,9.6961,9.9221,22906806.0
6560,2012-11-21,10.0414,10.1529,9.7682,9.9504,13240795.0
6561,2012-11-23,10.1457,10.3182,9.9825,10.3004,9738065.0
6562,2012-11-26,10.4575,10.9611,10.3793,10.9443,22404298.0
6563,2012-11-27,10.945,10.9761,10.6075,10.7746,18955234.0
6564,2012-11-28,10.5064,10.8111,10.3275,10.7089,18519191.0
6565,2012-11-29,10.9686,11.1129,10.7914,10.9382,18268534.0
6566,2012-11-30,10.8464,10.9039,10.6996,10.7925,13436871.0
6567,2012-12-03,11.0914,11.125,10.8004,10.825,12929634.0
6568,2012-12-04,10.6682,10.6682,10.3229,10.4554,19652237.0
6569,2012-12-05,10.2079,10.22,9.1314,9.1321,36819185.0
6570,2012-12-06,8.7804,9.6507,8.4121,9.4339,41823059.0
6571,2012-12-07,9.6539,9.7182,8.8182,8.9343,27988293.0
6572,2012-12-10,8.6396,9.1221,8.5175,8.8118,22362559.0
6573,2012-12-11,9.1671,9.5168,9.0814,9.2246,21037756.0
6574,2012-12-12,9.4529,9.4611,9.0421,9.1396,17343894.0
6575,2012-12-13,8.8593,9.0911,8.6682,8.8071,22160229.0
6576,2012-12-14,8.2736,8.3943,7.9461,8.0964,35798627.0
6577,2012-12-17,8.0657,8.4611,7.7907,8.4193,26869029.0
6578,2012-12-18,8.6396,8.9932,8.47,8.9575,22230362.0
6579,2012-12-19,8.8707,8.9504,8.6575,8.6864,15943141.0
6580,2012-12-20,8.8182,8.8254,8.4211,8.5229,16986997.0
6581,2012-12-21,8.1921,8.4493,8.1125,8.4371,20496211.0
6582,2012-12-24,8.4736,8.6129,8.415,8.4668,6275120.0
6583,2012-12-26,8.4254,8.4418,8.1439,8.2111,10739501.0
6584,2012-12-27,8.2304,8.3271,7.9132,8.2846,16146587.0
6585,2012-12-28,8.1143,8.2639,8.0368,8.0889,12458115.0
6586,2012-12-31,8.1229,9.0111,8.0682,8.8957,23202165.0
6587,2013-01-02,9.6689,9.7111,9.2336,9.4979,19918296.0
6588,2013-01-03,9.4568,9.5207,9.2111,9.25,12457760.0
6589,2013-01-04,9.0668,9.1264,8.6689,8.7111,21116100.0
6590,2013-01-07,8.5325,8.7932,8.2896,8.6004,17237398.0
6591,2013-01-08,8.79,8.8857,8.5057,8.6507,16237608.0
6592,2013-01-09,8.5504,8.6396,8.3179,8.3575,14476472.0
6593,2013-01-10,8.7664,8.7725,8.3011,8.5864,21379755.0
6594,2013-01-11,8.4968,8.6511,8.4261,8.4718,12378489.0
6595,2013-01-14,7.8425,8.0146,7.6936,7.8093,26040750.0
6596,2013-01-15,7.6861,7.7107,7.1532,7.2439,30978767.0
6597,2013-01-16,7.5554,8.0839,7.4789,7.9643,24519615.0
6598,2013-01-17,8.115,8.1307,7.8193,7.8425,16052095.0
6599,2013-01-18,7.6936,7.8261,7.6182,7.7468,16605202.0
6600,2013-01-22,7.9096,8.0282,7.6264,7.9171,16128528.0
6601,2013-01-23,8.0614,8.2821,7.9171,8.2468,22232471.0
6602,2013-01-24,6.3182,6.5229,5.97,5.9789,51888775.0
6603,2013-01-25,6.0214,6.1836,5.4254,5.5996,42653526.0
6604,2013-01-28,5.5261,6.0757,5.4561,5.955,27873491.0
6605,2013-01-29,6.2646,6.3254,6.0368,6.2564,20313194.0
6606,2013-01-30,6.2111,6.4111,6.1218,6.205,14717980.0
6607,2013-01-31,6.2104,6.2925,6.1389,6.1571,11228690.0
6608,2013-02-01,6.2864,6.2996,5.9021,6.0904,19196848.0
6609,2013-02-04,6.1007,6.1732,5.6754,5.6864,16931445.0
6610,2013-02-05,5.7486,6.3089,5.6832,6.2411,20330063.0
6611,2013-02-06,6.1921,6.5504,6.0532,6.2236,21035785.0
6612,2013-02-07,6.5289,6.77,6.2029,6.7064,24922500.0
6613,2013-02-08,6.9129,7.0846,6.7789,6.9479,22529866.0
6614,2013-02-11,7.0021,7.3036,6.8861,7.1246,18170425.0
6615,2013-02-12,7.1096,7.2121,6.6893,6.695,21604505.0
6616,2013-02-13,6.6704,6.9,6.5279,6.6632,16924996.0
6617,2013-02-14,6.5743,6.8286,6.5564,6.6482,12366681.0
6618,2013-02-15,6.7289,6.7757,6.41,6.4186,13892780.0
6619,2013-02-19,6.4521,6.5104,6.1932,6.4125,15487334.0
6620,2013-02-20,6.3304,6.3304,6.0129,6.0146,16889065.0
6621,2013-02-21,5.9129,6.0261,5.7993,5.915,15541637.0
6622,2013-02-22,6.0289,6.1129,5.9343,6.0846,11682732.0
6623,2013-02-25,6.1932,6.2386,5.7904,5.7986,13117898.0
6624,2013-02-26,5.835,6.1107,5.615,6.0189,17822423.0
6625,2013-02-27,5.9996,6.1429,5.7218,5.8618,20905531.0
6626,2013-02-28,5.8432,5.9796,5.7486,5.7486,11116028.0
6627,2013-03-01,5.6271,5.6336,5.3407,5.3582,19544287.0
6628,2013-03-04,5.2629,5.2771,4.9486,4.9861,20562691.0
6629,2013-03-05,5.0371,5.5268,5.0111,5.3821,22548015.0
6630,2013-03-06,5.5025,5.5289,5.1425,5.1864,16363743.0
6631,2013-03-07,5.145,5.4132,5.0221,5.3621,16638398.0
6632,2013-03-08,5.3343,5.5354,5.2918,5.4029,13815814.0
6633,2013-03-11,5.3325,5.6632,5.1679,5.6225,16474783.0
6634,2013-03-12,5.5414,5.6586,5.2546,5.2854,16533808.0
6635,2013-03-13,5.2861,5.5021,5.1757,5.2825,14389219.0
6636,2013-03-14,5.4425,5.5071,5.3575,5.4307,10750828.0
6637,2013-03-15,5.6246,5.8496,5.6004,5.8293,22431493.0
6638,2013-03-18,5.7504,6.3221,5.7414,6.26,21323310.0
6639,2013-03-19,6.395,6.4475,6.0021,6.2161,18718733.0
6640,2013-03-20,6.3207,6.3282,6.0411,6.13,10929598.0
6641,2013-03-21,6.0636,6.3407,6.0593,6.1532,13535977.0
6642,2013-03-22,6.2193,6.4879,6.1668,6.4811,13919378.0
6643,2013-03-25,6.5804,6.7682,6.4764,6.5407,17807602.0
6644,2013-03-26,6.6071,6.6214,6.4318,6.4532,10402131.0
6645,2013-03-27,6.2864,6.2986,6.0818,6.13,11623487.0
6646,2013-03-28,6.0493,6.1204,5.7564,5.7936,15574723.0
6647,2013-04-01,5.7664,5.8304,5.2607,5.3025,13795202.0
6648,2013-04-02,5.2557,5.6321,5.2129,5.3339,18649096.0
6649,2013-04-03,5.3904,5.6014,5.3525,5.4125,12883821.0
6650,2013-04-04,5.4757,5.52,5.1718,5.26,12765029.0
6651,2013-04-05,5.145,5.1611,4.9729,5.0986,13602267.0
6652,2013-04-08,5.1575,5.2521,5.0732,5.2061,10683094.0
6653,2013-04-09,5.2114,5.2879,5.0825,5.2336,10909171.0
6654,2013-04-10,5.2736,5.5936,5.1989,5.5446,13369846.0
6655,2013-04-11,5.4743,5.6268,5.3843,5.4961,11699081.0
6656,2013-04-12,5.4896,5.4896,5.3089,5.3343,8418531.0
6657,2013-04-15,5.2343,5.2661,4.9682,4.9789,11231721.0
6658,2013-04-16,5.0404,5.2204,5.0046,5.2071,10819025.0
6659,2013-04-17,4.9939,5.0057,4.2025,4.37,33630797.0
6660,2013-04-18,4.4482,4.4768,3.9036,3.9861,23672170.0
6661,2013-04-19,3.8404,4.2557,3.7379,3.9318,21630475.0
6662,2013-04-22,4.0071,4.3486,3.9582,4.2225,15271434.0
6663,2013-04-23,4.4125,4.5693,4.2275,4.4889,18496158.0
6664,2013-04-24,4.0393,4.8146,4.0021,4.465,34277609.0
6665,2013-04-25,4.6707,4.7679,4.52,4.5693,13681215.0
6666,2013-04-26,4.6204,4.94,4.5646,4.8843,27217949.0
6667,2013-04-29,5.0004,5.4704,4.9843,5.3457,22768940.0
6668,2013-04-30,5.5236,5.8861,5.4154,5.7979,24506982.0
6669,2013-05-01,5.8579,5.8746,5.4982,5.6732,18049279.0
6670,2013-05-02,5.7621,6.0054,5.7211,5.8957,14999234.0
6671,2013-05-03,6.1025,6.1711,6.0254,6.055,12829211.0
6672,2013-05-06,6.2596,6.4914,6.2096,6.4382,17656752.0
6673,2013-05-07,6.5904,6.6182,6.1879,6.3646,17185826.0
6674,2013-05-08,6.3786,6.6046,6.2632,6.55,16741560.0
6675,2013-05-09,6.515,6.6289,6.3639,6.4064,13928899.0
6676,2013-05-10,6.4493,6.5114,6.1818,6.2707,11899096.0
6677,2013-05-13,6.2186,6.4468,6.2182,6.3339,11260518.0
6678,2013-05-14,6.3021,6.3504,5.8843,5.9454,15839824.0
6679,2013-05-15,5.7775,5.8432,5.1775,5.4093,25683158.0
6680,2013-05-16,5.2089,5.7307,5.0539,5.6136,21493167.0
6681,2013-05-17,5.7736,5.8107,5.4864,5.5668,15239018.0
6682,2013-05-20,5.5186,6.0146,5.4539,5.9121,15936816.0
6683,2013-05-21,5.7414,6.0032,5.6004,5.7954,16242694.0
6684,2013-05-22,5.9521,6.1057,5.7439,5.8557,15745635.0
6685,2013-05-23,5.6629,6.0275,5.6571,5.8839,12537936.0
6686,2013-05-24,5.8379,6.0096,5.8204,5.9914,9710046.0
6687,2013-05-28,6.1611,6.2043,5.8379,5.8586,13663179.0
6688,2013-05-29,5.8075,6.0754,5.7861,5.9843,11760963.0
6689,2013-05-30,6.0093,6.3254,5.9686,6.2211,12552222.0
6690,2013-05-31,6.2539,6.4182,6.1468,6.155,13067676.0
6691,2013-06-03,6.1907,6.2489,5.8961,6.1904,13175665.0
6692,2013-06-04,6.2796,6.3229,6.0714,6.14,10260581.0
6693,2013-06-05,6.0093,6.1904,5.94,5.99,10308490.0
6694,2013-06-06,6.0029,6.0575,5.595,5.7525,14774923.0
6695,2013-06-07,5.6825,5.9232,5.5493,5.8721,14364826.0
6696,2013-06-10,5.9764,6.1314,5.6932,5.7679,15969384.0
6697,2013-06-11,5.6554,5.9061,5.5689,5.7218,10194324.0
6698,2013-06-12,5.7896,5.8521,5.5039,5.5286,9416279.0
6699,2013-06-13,5.5396,5.7054,5.4057,5.6632,10099092.0
6700,2013-06-14,5.6432,5.675,5.3968,5.4521,9348249.0
6701,2013-06-17,5.5018,5.6539,5.4632,5.5218,9189258.0
6702,2013-06-18,5.5061,5.6254,5.4579,5.5136,6877502.0
6703,2013-06-19,5.5004,5.5096,5.2004,5.2004,10345190.0
6704,2013-06-20,5.0682,5.3068,4.9207,4.98,12604898.0
6705,2013-06-21,5.0393,5.0932,4.6682,4.8611,16829170.0
6706,2013-06-24,4.6432,4.6882,4.3093,4.4696,16630294.0
6707,2013-06-25,4.5825,4.6571,4.3371,4.4729,11193057.0
6708,2013-06-26,4.5182,4.55,4.2239,4.31,13088762.0
6709,2013-06-27,4.3521,4.4286,4.1482,4.1568,11734600.0
6710,2013-06-28,4.0704,4.3886,3.9814,4.255,16841623.0
6711,2013-07-01,4.475,4.8171,4.4225,4.7082,13904204.0
6712,2013-07-02,4.7346,5.1514,4.7171,5.0393,16643113.0
6713,2013-07-03,5.1239,5.1996,5.0021,5.1218,8603985.0
6714,2013-07-05,5.1071,5.2107,4.9271,5.0011,9577696.0
6715,2013-07-08,5.0971,5.1289,4.7593,4.9164,10432375.0
6716,2013-07-09,4.8646,5.2182,4.7496,5.1771,12549966.0
6717,2013-07-10,5.0789,5.2646,5.0307,5.1193,9970138.0
6718,2013-07-11,5.1986,5.3879,5.135,5.3532,11600975.0
6719,2013-07-12,5.3664,5.4429,5.215,5.3257,9926730.0
6720,2013-07-15,5.2721,5.5025,5.2646,5.3589,8618095.0
6721,2013-07-16,5.3261,5.4757,5.2421,5.4571,7617346.0
6722,2013-07-17,5.4396,5.5296,5.3868,5.4614,7091064.0
6723,2013-07-18,5.5711,5.6243,5.4721,5.5129,7777683.0
6724,2013-07-19,5.5611,5.5925,5.2486,5.27,9485232.0
6725,2013-07-22,5.4311,5.4414,5.2882,5.3186,7271905.0
6726,2013-07-23,5.3075,5.3418,5.0471,5.0571,9407814.0
6727,2013-07-24,5.7693,5.9714,5.6382,5.8257,21050187.0
6728,2013-07-25,5.8325,5.8575,5.6579,5.7539,8178860.0
6729,2013-07-26,5.6396,5.8446,5.6054,5.8429,7115630.0
6730,2013-07-29,5.8361,6.1643,5.8146,6.0857,8814022.0
6731,2013-07-30,6.1632,6.42,6.1371,6.2832,11010899.0
6732,2013-07-31,6.3429,6.4268,6.1443,6.255,11488900.0
6733,2013-08-01,6.37,6.4075,6.2811,6.4029,7294178.0
6734,2013-08-02,6.4507,6.6236,6.4025,6.6125,9695154.0
6735,2013-08-05,6.6893,6.9029,6.5986,6.8593,11307912.0
6736,2013-08-06,6.8082,6.9464,6.5993,6.7093,11809093.0
6737,2013-08-07,6.6575,6.7718,6.585,6.6996,10635261.0
6738,2013-08-08,6.7682,6.7771,6.5575,6.6668,9112579.0
6739,2013-08-09,6.5821,6.6471,6.4039,6.4325,9451904.0
6740,2013-08-12,6.5186,6.9396,6.5104,6.8936,12941550.0
6741,2013-08-13,7.0214,7.8686,6.9182,7.6868,31220429.0
6742,2013-08-14,7.9836,8.2111,7.8236,8.0057,26793605.0
6743,2013-08-15,7.9314,8.1446,7.6693,7.9846,17274963.0
6744,2013-08-16,8.0646,8.1643,8.0186,8.1425,12129344.0
6745,2013-08-19,8.2143,8.55,8.2021,8.3357,18128174.0
6746,2013-08-20,8.4061,8.4368,8.0886,8.0975,12718777.0
6747,2013-08-21,8.1875,8.3146,8.1021,8.1436,11815580.0
6748,2013-08-22,8.2371,8.2589,7.995,8.165,8669317.0
6749,2013-08-23,8.1761,8.1789,8.0361,8.0957,7878271.0
6750,2013-08-26,8.0861,8.4236,8.0771,8.1654,11748281.0
6751,2013-08-27,7.9879,8.1489,7.57,7.6518,15068218.0
6752,2013-08-28,7.5593,7.9093,7.5593,7.7339,10861444.0
6753,2013-08-29,7.7611,7.9343,7.7425,7.7629,8454973.0
6754,2013-08-30,7.7736,7.8075,7.5771,7.6025,9537385.0
6755,2013-09-03,7.8129,8.0807,7.6075,7.6514,11824824.0
6756,2013-09-04,8.0436,8.1393,7.9264,8.0125,12236672.0
6757,2013-09-05,8.0682,8.0836,7.8321,7.8904,8348169.0
6758,2013-09-06,8.0036,8.0371,7.7004,7.9957,12497319.0
6759,2013-09-09,8.2379,8.3421,8.1836,8.2796,12004896.0
6760,2013-09-10,8.2807,8.3254,7.6843,7.8679,26314428.0
6761,2013-09-11,6.8811,7.1196,6.8025,6.9061,31712886.0
6762,2013-09-12,6.9343,7.1807,6.8454,7.0839,14366516.0
6763,2013-09-13,6.9643,7.0529,6.7986,6.8057,10552171.0
6764,2013-09-16,6.6664,6.6882,6.1743,6.2779,19424286.0
6765,2013-09-17,6.2007,6.6204,6.1843,6.4636,14217192.0
6766,2013-09-18,6.7443,6.8575,6.6543,6.7979,16182035.0
6767,2013-09-19,7.0129,7.1961,6.9611,7.07,14321462.0
6768,2013-09-20,7.2736,7.2932,6.845,6.8954,21014197.0
6769,2013-09-23,7.92,7.9489,7.4379,7.725,27096208.0
6770,2013-09-24,7.8764,7.8975,7.6243,7.67,12901860.0
6771,2013-09-25,7.6736,7.6893,7.3961,7.3996,11240103.0
6772,2013-09-26,7.5593,7.6507,7.4843,7.5671,8300802.0
6773,2013-09-27,7.48,7.5118,7.3707,7.4432,8073543.0
6774,2013-09-30,7.2468,7.4043,7.1454,7.2289,9147113.0
6775,2013-10-01,7.2896,7.6714,7.2871,7.6293,12000740.0
6776,2013-10-02,7.5461,7.7664,7.4789,7.6864,10218213.0
6777,2013-10-03,7.7204,7.7861,7.3711,7.4668,10476127.0
6778,2013-10-04,7.4829,7.5093,7.295,7.4532,9201717.0
6779,2013-10-07,7.5793,7.7968,7.5361,7.6218,11086670.0
6780,2013-10-08,7.7,7.725,7.3643,7.3786,10234876.0
6781,2013-10-09,7.5107,7.6232,7.2836,7.58,10340236.0
6782,2013-10-10,7.7493,7.7871,7.5964,7.6889,9813733.0
6783,2013-10-11,7.5946,7.8393,7.5293,7.8025,9497347.0
6784,2013-10-14,7.6961,7.9729,7.6789,7.9179,9276534.0
6785,2013-10-15,7.97,8.1307,7.8993,8.0121,11337014.0
6786,2013-10-16,8.0875,8.1496,8.0318,8.0989,8857223.0
6787,2013-10-17,8.0586,8.23,8.0479,8.22,8944990.0
6788,2013-10-18,8.2732,8.39,8.2632,8.3768,10228743.0
6789,2013-10-21,8.4796,8.9271,8.4707,8.8221,14044336.0
6790,2013-10-22,9.0021,9.0754,8.3461,8.7686,18995236.0
6791,2013-10-23,8.7379,8.9761,8.7379,8.9507,11133678.0
6792,2013-10-24,8.9521,9.2189,8.8611,9.1989,12283362.0
6793,2013-10-25,9.1775,9.2461,8.9561,8.9861,11966505.0
6794,2013-10-28,9.0964,9.1664,8.8882,9.1261,14244044.0
6795,2013-10-29,9.3546,9.4611,8.5786,8.6546,22548872.0
6796,2013-10-30,8.7596,9.0421,8.6671,8.9482,12517318.0
6797,2013-10-31,8.9521,9.0411,8.8189,8.87,9476817.0
6798,2013-11-01,8.9171,8.945,8.625,8.7746,9691573.0
6799,2013-11-04,8.8129,9.0171,8.7311,9.0146,8676409.0
6800,2013-11-05,8.9371,9.0907,8.8807,8.9679,9391326.0
6801,2013-11-06,9.0307,9.0561,8.8182,8.9154,7460519.0
6802,2013-11-07,8.8675,8.9964,8.6104,8.6143,9309980.0
6803,2013-11-08,8.6889,8.9229,8.6179,8.9025,9889882.0
6804,2013-11-11,8.8821,8.9421,8.6829,8.8482,8090822.0
6805,2013-11-12,8.7993,9.0225,8.7754,8.8829,7277666.0
6806,2013-11-13,8.8111,8.9629,8.7739,8.905,6986345.0
6807,2013-11-14,8.9829,9.2139,8.9493,9.1739,10008490.0
6808,2013-11-15,9.1175,9.2071,9.0429,9.0607,11313140.0
6809,2013-11-18,9.0607,9.1393,8.8182,8.8332,8685237.0
6810,2013-11-19,8.8479,9.0032,8.81,8.8664,7396988.0
6811,2013-11-20,8.855,8.8975,8.68,8.7039,6873146.0
6812,2013-11-21,8.7968,8.9257,8.6564,8.9229,9284785.0
6813,2013-11-22,8.8654,8.9596,8.83,8.8754,7252882.0
6814,2013-11-25,8.9189,9.0921,8.9182,9.0161,8162701.0
6815,2013-11-26,9.0296,9.4589,9.0254,9.3611,13589260.0
6816,2013-11-27,9.465,9.8111,9.46,9.8096,12828079.0
6817,2013-11-29,9.9354,10.2514,9.8757,10.1707,11353916.0
6818,2013-12-02,10.2396,10.4657,9.9832,9.9979,16773781.0
6819,2013-12-03,10.2504,10.5389,10.2282,10.5368,15977418.0
6820,2013-12-04,10.5075,10.6393,10.3404,10.4896,13441048.0
6821,2013-12-05,10.7629,10.8514,10.54,10.5932,15906061.0
6822,2013-12-06,10.5179,10.5521,10.2957,10.3118,12181090.0
6823,2013-12-09,10.3432,10.6532,10.3432,10.5407,11378451.0
6824,2013-12-10,10.4389,10.5925,10.3539,10.5093,9434633.0
6825,2013-12-11,10.5611,10.7029,10.3,10.3596,12785322.0
6826,2013-12-12,10.3875,10.5018,10.3121,10.3304,9274940.0
6827,2013-12-13,10.4129,10.4139,10.085,10.1121,11808403.0
6828,2013-12-16,10.1332,10.405,10.1329,10.2218,10016255.0
6829,2013-12-17,10.1614,10.2911,10.0743,10.1321,8121883.0
6830,2013-12-18,9.9432,10.0057,9.5539,9.9814,20019525.0
6831,2013-12-19,9.9361,9.9539,9.73,9.7561,11370063.0
6832,2013-12-20,9.7907,10.0114,9.7686,9.9189,14234716.0
6833,2013-12-23,10.5968,10.6939,10.4096,10.6714,17753807.0
6834,2013-12-24,10.6643,10.7354,10.5264,10.585,5980842.0
6835,2013-12-26,10.6004,10.6504,10.4314,10.4504,7261541.0
6836,2013-12-27,10.4475,10.4686,10.2932,10.3143,8014229.0
6837,2013-12-30,10.2204,10.2414,10.0368,10.1154,8833377.0
6838,2013-12-31,10.1029,10.3568,10.0968,10.3475,7917083.0
6839,2014-01-02,10.1568,10.205,10.0261,10.0657,8307539.0
6840,2014-01-03,10.0561,10.0861,9.6121,9.6318,13865515.0
6841,2014-01-06,9.5057,9.8396,9.3682,9.7371,14506214.0
6842,2014-01-07,9.7511,9.8096,9.5225,9.5979,11377006.0
6843,2014-01-08,9.5543,9.7954,9.55,9.7204,9141088.0
6844,2014-01-09,9.8396,9.8418,9.4307,9.4721,9913317.0
6845,2014-01-10,9.5907,9.6254,9.2793,9.3446,10838490.0
6846,2014-01-13,9.2364,9.6861,9.2354,9.4443,13550709.0
6847,2014-01-14,9.5332,9.8371,9.5132,9.825,11795088.0
6848,2014-01-15,10.0796,10.3182,10.0132,10.2168,13763437.0
6849,2014-01-16,10.1289,10.1986,10.0139,10.1057,8151629.0
6850,2014-01-17,10.0068,10.0279,9.5932,9.6207,15145596.0
6851,2014-01-21,9.6321,9.9564,9.6118,9.9207,11649150.0
6852,2014-01-22,9.9864,10.2143,9.8757,10.0079,13516116.0
6853,2014-01-23,9.9518,10.1861,9.7682,10.1746,14346031.0
6854,2014-01-24,10.0968,10.1546,9.7664,9.8136,15349129.0
6855,2014-01-27,9.9564,10.1254,9.8021,9.9718,15087736.0
6856,2014-01-28,8.4811,8.7039,8.2421,8.4004,37009491.0
6857,2014-01-29,8.3093,8.4314,8.1189,8.195,17902189.0
6858,2014-01-30,8.2589,8.4004,8.0504,8.1604,24131649.0
6859,2014-01-31,7.9961,8.2229,7.9379,8.1896,16465665.0
6860,2014-02-03,8.2614,8.4443,8.1432,8.2229,13705873.0
6861,2014-02-04,8.3771,8.5061,8.2668,8.4821,13715155.0
6862,2014-02-05,8.4025,8.7139,8.3914,8.6179,11540851.0
6863,2014-02-06,8.6364,8.7593,8.5561,8.7239,9179317.0
6864,2014-02-07,9.0407,9.0961,8.8979,8.98,13176301.0
6865,2014-02-10,8.9436,9.4196,8.92,9.3164,12308288.0
6866,2014-02-11,9.3704,9.6254,9.3307,9.5614,10030234.0
6867,2014-02-12,9.5968,9.69,9.4643,9.5596,10979741.0
6868,2014-02-13,9.515,9.8789,9.4986,9.8636,10938196.0
6869,2014-02-14,9.7939,9.9193,9.7489,9.8486,9724007.0
6870,2014-02-18,9.92,10.1054,9.9061,9.9179,9259399.0
6871,2014-02-19,9.8754,9.9518,9.5039,9.6118,11077559.0
6872,2014-02-20,9.4554,9.5986,9.3129,9.3896,10868982.0
6873,2014-02-21,9.4482,9.5118,9.1557,9.1789,9903193.0
6874,2014-02-24,9.1039,9.3457,9.0779,9.2611,10135383.0
6875,2014-02-25,9.3264,9.3329,9.0271,9.065,8251273.0
6876,2014-02-26,9.1204,9.17,8.8343,8.8968,9821812.0
6877,2014-02-27,8.8893,9.305,8.8504,9.2654,10605129.0
6878,2014-02-28,9.3157,9.4468,9.0671,9.2143,13047056.0
6879,2014-03-03,9.1136,9.3718,9.0918,9.2686,8485142.0
6880,2014-03-04,9.3843,9.4429,9.2689,9.3929,9225291.0
6881,2014-03-05,9.3814,9.5182,9.3175,9.4329,7102358.0
6882,2014-03-06,9.4482,9.5071,9.2807,9.3754,6332715.0
6883,2014-03-07,9.3875,9.4193,9.2075,9.3643,7819701.0
6884,2014-03-10,9.29,9.4675,9.2889,9.3814,6236914.0
6885,2014-03-11,9.5432,9.6607,9.4411,9.5661,9906677.0
6886,2014-03-12,9.5096,9.6111,9.42,9.5846,7104558.0
6887,2014-03-13,9.6143,9.6936,9.3186,9.3718,9156898.0
6888,2014-03-14,9.3054,9.3804,9.0986,9.1589,8407142.0
6889,2014-03-17,9.2664,9.3475,9.2004,9.2321,7067002.0
6890,2014-03-18,9.2021,9.4189,9.1771,9.3957,7450577.0
6891,2014-03-19,9.4293,9.5714,9.3129,9.3936,7996733.0
6892,2014-03-20,9.3446,9.4439,9.2539,9.3021,7398578.0
6893,2014-03-21,9.4175,9.4825,9.2175,9.4511,12773939.0
6894,2014-03-24,9.6493,9.7236,9.5293,9.6768,12559176.0
6895,2014-03-25,9.7593,9.9111,9.6911,9.8839,9956036.0
6896,2014-03-26,9.9386,10.0271,9.665,9.6979,10530916.0
6897,2014-03-27,9.7061,9.7593,9.5314,9.615,7877778.0
6898,2014-03-28,9.6457,9.6679,9.5004,9.5936,7068978.0
6899,2014-03-31,9.6782,9.7346,9.5604,9.5889,5957782.0
6900,2014-04-01,9.6257,9.7725,9.5904,9.7646,7135437.0
6901,2014-04-02,9.7907,9.83,9.715,9.7968,6387115.0
6902,2014-04-03,9.7554,9.795,9.6214,9.6625,5774737.0
6903,2014-04-04,9.6989,9.7057,9.3693,9.4136,9778646.0
6904,2014-04-07,9.2779,9.3807,9.0589,9.1154,10250516.0
6905,2014-04-08,9.1768,9.21,8.945,9.1143,8684407.0
6906,2014-04-09,9.0857,9.3661,9.0636,9.36,7312505.0
6907,2014-04-10,9.3729,9.4286,9.1046,9.1157,8493543.0
6908,2014-04-11,8.9557,9.0925,8.8893,8.9775,9687084.0
6909,2014-04-14,9.0593,9.0686,8.8918,9.0514,7305003.0
6910,2014-04-15,9.0011,9.05,8.6818,8.9186,9460375.0
6911,2014-04-16,8.9218,9.0304,8.7818,8.9561,7460654.0
6912,2014-04-17,8.9914,9.2686,8.9629,9.1679,10086672.0
6913,2014-04-21,9.1821,9.425,9.1329,9.3904,6503377.0
6914,2014-04-22,9.2882,9.4136,9.2236,9.4089,7201111.0
6915,2014-04-23,9.315,9.3889,9.1504,9.1611,9412480.0
6916,2014-04-24,10.7132,10.7771,10.4461,10.6975,26993490.0
6917,2014-04-25,10.5818,10.8482,10.5614,10.8464,13844013.0
6918,2014-04-28,10.8771,11.6968,10.8682,11.6375,23834137.0
6919,2014-04-29,11.625,11.705,11.4739,11.5746,11948444.0
6920,2014-04-30,11.5857,11.8282,11.4843,11.4946,16139441.0
6921,2014-05-01,11.5629,11.6629,11.3614,11.5443,8693603.0
6922,2014-05-02,11.575,11.6414,11.4811,11.5836,6773534.0
6923,2014-05-05,11.4964,11.8843,11.4914,11.8829,10008699.0
6924,2014-05-06,11.9129,12.0061,11.6489,11.6489,13203343.0
6925,2014-05-07,11.6789,11.7518,11.4104,11.5746,10043238.0
6926,2014-05-08,11.5464,11.7989,11.4804,11.5371,8157473.0
6927,2014-05-09,11.4139,11.475,11.2636,11.4496,10381509.0
6928,2014-05-12,11.5193,11.7396,11.5161,11.71,7574251.0
6929,2014-05-13,11.6804,11.7711,11.6339,11.7432,5685246.0
6930,2014-05-14,11.6957,11.8732,11.6711,11.7471,5914424.0
6931,2014-05-15,11.7768,11.8446,11.5389,11.5668,8183686.0
6932,2014-05-16,11.56,11.8779,11.4446,11.8771,9800339.0
6933,2014-05-19,11.8893,12.2279,11.8707,12.13,11237928.0
6934,2014-05-20,12.1271,12.1946,11.9921,12.1343,8299732.0
6935,2014-05-21,12.1029,12.2054,12.0396,12.1914,7021664.0
6936,2014-05-22,12.2018,12.3179,12.1125,12.2257,7156763.0
6937,2014-05-23,12.225,12.4918,12.1971,12.4707,8255316.0
6938,2014-05-27,12.5332,12.8896,12.5243,12.8814,12385615.0
6939,2014-05-28,12.8954,13.0314,12.8154,12.8236,11197092.0
6940,2014-05-29,12.9607,13.2829,12.9579,13.2296,13349622.0
6941,2014-05-30,13.3225,13.5436,12.9982,13.1446,20048504.0
6942,2014-06-02,13.1789,13.21,12.7696,12.9893,13149270.0
6943,2014-06-03,12.9825,13.3496,12.975,13.3068,10418117.0
6944,2014-06-04,13.3032,13.6764,13.2557,13.5668,11948915.0
6945,2014-06-05,13.6161,13.7293,13.4879,13.6571,10653582.0
6946,2014-06-06,13.7482,13.7968,13.5543,13.5936,12444887.0
6947,2014-06-09,13.7125,14.0075,13.475,13.9625,74772959.0
6948,2014-06-10,14.22,14.3,13.93,14.1,62456975.0
6949,2014-06-11,14.07,14.2275,13.905,14.0025,45468152.0
6950,2014-06-12,14.0475,14.0675,13.5125,13.61,54407287.0
6951,2014-06-13,13.5875,13.6475,13.2575,13.3575,54206612.0
6952,2014-06-16,13.415,13.725,13.4,13.5875,34969622.0
6953,2014-06-17,13.615,13.7125,13.4875,13.5575,29657413.0
6954,2014-06-18,13.605,13.61,13.375,13.5825,33285334.0
6955,2014-06-19,13.61,13.6125,13.3725,13.5025,35423532.0
6956,2014-06-20,13.5,13.675,13.2625,13.265,88578875.0
6957,2014-06-23,13.3675,13.4425,13.1875,13.245,43539287.0
6958,2014-06-24,13.225,13.4725,13.085,13.1075,38894434.0
6959,2014-06-25,13.09,13.2125,12.95,13.1275,36631760.0
6960,2014-06-26,13.13,13.3,12.9875,13.2625,32111724.0
6961,2014-06-27,13.2425,13.5375,13.23,13.5275,50894644.0
6962,2014-06-30,13.5625,13.9675,13.56,13.77,49386780.0
6963,2014-07-01,13.9175,14.055,13.82,13.9175,38037121.0
6964,2014-07-02,14.0025,14.0525,13.81,13.9075,28343765.0
6965,2014-07-03,13.955,14.0625,13.8375,14.045,22886359.0
6966,2014-07-07,14.0725,14.535,14.0625,14.5275,54570619.0
6967,2014-07-08,14.605,14.7375,14.0175,14.375,65074661.0
6968,2014-07-09,14.3975,14.525,14.2275,14.385,36236232.0
6969,2014-07-10,13.9775,14.425,13.9175,14.295,39570082.0
6970,2014-07-11,14.3775,14.51,14.2525,14.3425,33914154.0
6971,2014-07-14,14.5025,14.76,14.45,14.65,42575961.0
6972,2014-07-15,14.78,14.8125,14.2225,14.2325,52974407.0
6973,2014-07-17,14.295,14.3575,13.68,13.81,56733209.0
6974,2014-07-18,13.9425,14.2225,13.7925,14.145,49301565.0
6975,2014-07-21,14.285,14.2875,13.9675,14.0225,38644135.0
6976,2014-07-22,14.2075,14.26,14.0675,14.2175,49090426.0
6977,2014-07-23,14.3925,15.0075,14.33,14.835,90553266.0
6978,2014-07-24,14.795,14.8675,14.6425,14.795,45397505.0
6979,2014-07-25,14.75,14.9975,14.6975,14.955,42670488.0
6980,2014-07-28,14.9925,15.3475,14.925,15.2925,53357141.0
6981,2014-07-29,15.37,15.3975,15.1,15.1325,42823320.0
6982,2014-07-30,15.1475,15.2125,14.955,15.075,32820948.0
6983,2014-07-31,14.8275,14.9,14.37,14.4375,56011277.0
6984,2014-08-01,14.2625,14.6925,14.24,14.57,48106779.0
6985,2014-08-04,14.63,14.6825,14.33,14.435,39482091.0
6986,2014-08-05,14.3775,14.4575,14.1275,14.3175,55726491.0
6987,2014-08-06,14.225,14.4075,14.215,14.2775,36470299.0
6988,2014-08-07,14.3875,14.6425,14.18,14.275,45683802.0
6989,2014-08-08,14.22,14.36,13.975,14.34,41687523.0
6990,2014-08-11,14.4725,14.675,14.3625,14.6525,36373831.0
6991,2014-08-12,14.665,14.875,14.5575,14.6475,33332465.0
6992,2014-08-13,14.6925,14.965,14.665,14.965,31752828.0
6993,2014-08-14,14.9875,15.0475,14.855,15.03,27995904.0
6994,2014-08-15,15.13,15.2025,14.87,15.15,48566668.0
6995,2014-08-18,15.2775,15.4975,15.15,15.445,45923961.0
6996,2014-08-19,15.5075,15.825,15.485,15.7875,68907841.0
6997,2014-08-20,15.765,15.9275,15.6425,15.7975,52013032.0
6998,2014-08-21,15.7975,15.89,15.6825,15.8,33236081.0
6999,2014-08-22,15.7275,16.0225,15.7025,15.985,43668706.0
7000,2014-08-25,16.1025,16.1975,15.975,16.04,39998789.0
7001,2014-08-26,16.01,16.03,15.87,15.8775,32786749.0
7002,2014-08-27,15.91,16.2975,15.83,16.1875,46636284.0
7003,2014-08-28,16.0525,16.35,16.045,16.2175,67850210.0
7004,2014-08-29,16.37,16.38,16.205,16.28,43036344.0
7005,2014-09-02,16.42,16.59,16.335,16.48,53005018.0
7006,2014-09-03,16.43,16.455,15.3,15.39,124419956.0
7007,2014-09-04,15.3675,15.6775,15.1025,15.185,85177863.0
7008,2014-09-05,15.355,15.5025,15.2325,15.3975,57315005.0
7009,2014-09-08,15.48,15.4825,15.1675,15.2425,45914526.0
7010,2014-09-09,15.425,16.425,14.69,15.1525,188968299.0
7011,2014-09-10,15.1575,15.9325,15.095,15.905,99914457.0
7012,2014-09-11,15.7575,16.015,15.56,16.0125,61703948.0
7013,2014-09-12,15.9575,16.2025,15.925,16.07,62377851.0
7014,2014-09-15,16.3575,16.4175,16.015,16.055,60922636.0
7015,2014-09-16,15.605,15.97,15.3775,15.87,66538949.0
7016,2014-09-17,15.9725,16.105,15.8025,16.05,60572156.0
7017,2014-09-18,16.1375,16.2425,16.045,16.1025,36684935.0
7018,2014-09-19,16.2275,16.2425,15.78,15.895,64082802.0
7019,2014-09-22,16.105,16.19,15.8,15.9225,51828046.0
7020,2014-09-23,15.805,16.39,15.79,16.315,62457203.0
7021,2014-09-24,16.195,16.3675,15.955,16.0875,59683737.0
7022,2014-09-25,15.7825,15.8325,15.085,15.1225,99212535.0
7023,2014-09-26,15.2875,15.8425,15.255,15.8425,61969503.0
7024,2014-09-29,15.3175,15.7625,15.3125,15.6825,48358424.0
7025,2014-09-30,15.8575,16.04,15.7875,15.8425,53825369.0
7026,2014-10-01,15.8025,15.8275,15.33,15.45,50979438.0
7027,2014-10-02,15.4725,15.71,15.165,15.63,46901901.0
7028,2014-10-03,15.515,15.7075,15.415,15.56,43294537.0
7029,2014-10-06,15.6425,15.8175,15.51,15.56,36634150.0
7030,2014-10-07,15.5125,15.685,15.3375,15.3425,41682271.0
7031,2014-10-08,15.345,15.9325,15.2325,15.855,57154990.0
7032,2014-10-09,16.04,16.25,15.8075,15.91,76012441.0
7033,2014-10-10,15.8275,16.1625,15.73,15.8375,65815091.0
7034,2014-10-13,15.9875,16.1,15.6075,15.6075,53195148.0
7035,2014-10-14,15.7525,15.785,15.2975,15.3425,63219839.0
7036,2014-10-15,15.1475,15.4425,14.45,15.04,99712880.0
7037,2014-10-16,14.5425,15.085,14.5075,14.72,71780146.0
7038,2014-10-17,15.03,15.405,14.8575,15.0725,67510006.0
7039,2014-10-20,15.2325,15.645,15.21,15.595,65923560.0
7040,2014-10-21,16.41,16.41,15.9725,16.2725,93317209.0
7041,2014-10-22,16.365,16.6825,16.305,16.4025,66985937.0
7042,2014-10-23,16.675,16.9175,16.5625,16.8625,69703727.0
7043,2014-10-24,16.95,17.0275,16.7875,16.96,44285746.0
7044,2014-10-27,16.8675,17.025,16.83,16.9325,33575985.0
7045,2014-10-28,17.005,17.34,16.9925,17.34,44559449.0
7046,2014-10-29,17.3175,17.4975,17.245,17.49,52422678.0
7047,2014-10-30,17.395,17.4925,17.13,17.4,40432696.0
7048,2014-10-31,17.6575,17.665,17.4575,17.655,43558852.0
7049,2014-11-03,17.71,18.23,17.6575,18.005,51850856.0
7050,2014-11-04,17.995,18.0275,17.585,17.805,41338461.0
7051,2014-11-05,17.93,17.98,17.685,17.87,34695092.0
7052,2014-11-06,17.9225,17.97,17.7225,17.9475,34394437.0
7053,2014-11-07,17.96,18.1025,17.91,18.025,31237676.0
7054,2014-11-10,18.0275,18.105,17.94,17.98,26990603.0
7055,2014-11-11,17.9475,18.21,17.8725,18.1975,27039663.0
7056,2014-11-12,18.1175,18.63,18.115,18.585,46248700.0
7057,2014-11-13,18.7225,19.135,18.6725,18.9775,59295310.0
7058,2014-11-14,19.06,19.32,19.035,19.3175,42988621.0
7059,2014-11-17,19.34,20.0925,19.0975,19.27,46505601.0
7060,2014-11-18,19.2575,19.695,19.245,19.64,42716607.0
7061,2014-11-19,19.6325,19.7075,19.2225,19.4375,41693807.0
7062,2014-11-20,19.5,19.9875,19.485,19.85,42799527.0
7063,2014-11-21,20.15,20.165,19.78,19.86,56545658.0
7064,2014-11-24,19.985,20.465,19.9275,20.4275,46178432.0
7065,2014-11-25,20.54,20.71,20.135,20.175,67418118.0
7066,2014-11-26,20.2575,20.5475,20.23,20.5225,40234040.0
7067,2014-11-28,20.59,20.6225,20.285,20.505,24813038.0
7068,2014-12-01,20.475,20.585,18.59,19.535,83375327.0
7069,2014-12-02,19.1475,19.71,18.96,19.43,59056541.0
7070,2014-12-03,19.71,19.86,19.55,19.76,42561296.0
7071,2014-12-04,19.715,20.0725,19.595,19.6375,41826869.0
7072,2014-12-05,19.77,19.7925,19.4325,19.5175,37853309.0
7073,2014-12-08,19.2975,19.4325,18.6775,18.8725,57241451.0
7074,2014-12-09,18.32,19.3475,18.11,19.305,59979644.0
7075,2014-12-10,19.375,19.485,18.6575,18.77,44291075.0
7076,2014-12-11,18.8375,19.2225,18.6075,18.6775,41199481.0
7077,2014-12-12,18.3875,18.74,18.1675,18.235,55294242.0
7078,2014-12-15,18.4475,18.6725,17.36,17.8325,66952449.0
7079,2014-12-16,17.365,18.3125,17.3375,17.445,60213091.0
7080,2014-12-17,17.5525,18.2325,17.4775,18.095,52822001.0
7081,2014-12-18,18.74,18.935,18.4375,18.935,58115649.0
7082,2014-12-19,18.8375,19.0825,18.6875,18.7175,77769246.0
7083,2014-12-22,18.8125,19.145,18.765,19.0075,42983036.0
7084,2014-12-23,19.08,19.105,18.8875,18.9075,25694516.0
7085,2014-12-24,18.9175,18.95,18.775,18.775,14477978.0
7086,2014-12-26,18.7975,19.4025,18.775,19.27,33376330.0
7087,2014-12-29,19.22,19.465,19.1975,19.25,27403882.0
7088,2014-12-30,19.1825,19.2525,18.8,18.9025,28898816.0
7089,2014-12-31,18.9775,19.055,18.325,18.3675,40897671.0
7090,2015-01-02,18.62,18.6325,17.61,18.105,53096191.0
7091,2015-01-05,17.845,17.935,17.125,17.335,61065973.0
7092,2015-01-06,17.4075,17.63,16.93,17.3375,65565949.0
7093,2015-01-07,17.5725,17.8225,17.445,17.71,39723689.0
7094,2015-01-08,18.08,18.81,17.9475,18.74,58761565.0
7095,2015-01-09,18.94,19.085,18.325,18.775,53452528.0
7096,2015-01-12,18.9225,18.93,17.9725,18.085,49297135.0
7097,2015-01-13,18.63,18.9725,18.0,18.3125,66704571.0
7098,2015-01-14,18.0325,18.395,17.8975,18.1975,48197982.0
7099,2015-01-15,18.2725,18.2875,17.4375,17.4875,58558205.0
7100,2015-01-16,17.53,17.6675,17.0725,17.2575,76790477.0
7101,2015-01-20,17.7325,18.0125,17.3975,17.9675,47700888.0
7102,2015-01-21,18.01,18.5375,17.84,18.365,22291410.0
7103,2015-01-22,18.3375,18.89,18.2025,18.8725,49684704.0
7104,2015-01-23,18.8475,19.21,18.655,19.0175,45951078.0
7105,2015-01-26,19.2075,19.3625,18.9725,19.0475,52580597.0
7106,2015-01-27,18.8775,18.8925,18.03,18.055,77719040.0
7107,2015-01-28,20.1775,20.3025,19.6,19.6,145104646.0
7108,2015-01-29,19.8525,20.57,19.6625,20.4975,83729464.0
7109,2015-01-30,20.3725,20.7725,19.985,20.0625,82447706.0
7110,2015-02-02,20.285,20.565,19.7925,20.43,62078735.0
7111,2015-02-03,20.3975,20.545,20.175,20.415,51573567.0
7112,2015-02-04,20.3975,20.9,20.35,20.6625,69707153.0
7113,2015-02-05,20.895,20.9475,20.7025,20.875,42049717.0
7114,2015-02-06,20.895,20.9525,20.5025,20.6225,43327287.0
7115,2015-02-09,20.5275,20.85,20.4975,20.815,37748448.0
7116,2015-02-10,20.9325,21.4275,20.93,21.395,61615410.0
7117,2015-02-11,21.5825,22.12,21.515,22.11,72734227.0
7118,2015-02-12,22.405,22.76,22.2825,22.4925,73386944.0
7119,2015-02-13,22.71,22.71,22.3025,22.66,52053515.0
7120,2015-02-17,22.7625,23.11,22.62,22.8475,62947443.0
7121,2015-02-18,22.795,23.085,22.7525,23.0675,44050161.0
7122,2015-02-19,23.01,23.1475,22.9725,23.0025,37172719.0
7123,2015-02-20,23.045,23.265,22.9025,23.2625,48442705.0
7124,2015-02-23,23.395,24.14,23.305,24.14,67810009.0
7125,2015-02-24,24.125,24.29,23.6825,23.9325,68916484.0
7126,2015-02-25,23.78,23.79,22.9275,23.0725,73773018.0
7127,2015-02-26,23.085,23.6075,22.5425,23.4925,88008744.0
7128,2015-02-27,23.39,23.5325,22.95,23.01,61180707.0
7129,2015-03-02,23.2025,23.46,22.965,23.1625,47911463.0
7130,2015-03-03,23.13,23.27,22.9125,23.2325,37341916.0
7131,2015-03-04,23.165,23.28,22.97,23.025,30327290.0
7132,2015-03-05,23.035,23.0775,22.33,22.485,55911547.0
7133,2015-03-06,22.99,23.2325,22.455,22.54,72129896.0
7134,2015-03-09,22.88,23.2825,22.155,22.6625,88277136.0
7135,2015-03-10,22.4925,22.695,21.84,22.0275,68119299.0
7136,2015-03-11,22.0775,22.0825,21.4175,21.45,68140747.0
7137,2015-03-12,21.4675,22.115,21.2975,22.0025,48061226.0
7138,2015-03-13,21.99,22.2375,21.535,21.775,51551864.0
7139,2015-03-16,21.86,22.1275,21.6075,22.1275,35419236.0
7140,2015-03-17,22.365,22.72,22.3025,22.65,50809550.0
7141,2015-03-18,22.64,23.18,22.4825,23.015,64987351.0
7142,2015-03-19,23.0775,23.2,22.74,22.7625,45582287.0
7143,2015-03-20,22.9525,22.99,22.18,22.4025,64530868.0
7144,2015-03-23,22.67,22.8525,22.52,22.6925,36732439.0
7145,2015-03-24,22.6975,22.9,22.53,22.5625,32630243.0
7146,2015-03-25,22.525,22.595,21.735,21.735,51018821.0
7147,2015-03-26,21.58,22.11,21.54,21.95,47331485.0
7148,2015-03-27,22.0325,22.065,21.6175,21.7025,39008160.0
7149,2015-03-30,21.9025,22.49,21.89,22.4825,46765028.0
7150,2015-03-31,22.4125,22.5125,21.9775,21.9975,41524877.0
7151,2015-04-01,22.095,22.17,21.665,21.9475,40281311.0
7152,2015-04-02,22.1475,22.28,21.9375,22.2175,32025449.0
7153,2015-04-06,22.0075,22.7675,21.9725,22.7275,36810662.0
7154,2015-04-07,22.8,22.92,22.385,22.3925,34783598.0
7155,2015-04-08,22.3525,22.49,22.1325,22.29,37155299.0
7156,2015-04-09,22.3525,22.535,22.055,22.53,32051764.0
7157,2015-04-10,22.3775,22.6925,22.205,22.665,40006020.0
7158,2015-04-13,22.9825,23.0325,22.5425,22.6025,35920646.0
7159,2015-04-14,22.64,22.7125,22.3675,22.465,25308109.0
7160,2015-04-15,22.4925,22.6725,22.3925,22.5825,28723069.0
7161,2015-04-16,22.46,22.665,22.4175,22.4325,27820704.0
7162,2015-04-17,22.2775,22.425,22.005,22.0775,51200870.0
7163,2015-04-20,22.2825,22.92,22.1825,22.79,46904457.0
7164,2015-04-21,22.915,22.94,22.5575,22.6175,32151426.0
7165,2015-04-22,22.6375,23.1075,22.47,23.045,37353142.0
7166,2015-04-23,22.965,23.495,22.925,23.3075,45364469.0
7167,2015-04-24,23.5125,23.5475,23.1975,23.46,43082986.0
7168,2015-04-27,23.9675,24.1725,23.6775,24.0525,80014663.0
7169,2015-04-28,24.5025,24.525,23.2825,23.53,118453393.0
7170,2015-04-29,23.43,23.7875,22.965,23.05,58838154.0
7171,2015-04-30,22.765,22.86,22.035,22.1775,82218415.0
7172,2015-05-01,22.415,23.4225,22.215,23.1275,56985694.0
7173,2015-05-04,23.265,23.5325,22.955,23.065,50694608.0
7174,2015-05-05,22.9275,23.0025,22.335,22.34,48842861.0
7175,2015-05-06,22.53,22.5775,21.73,22.1425,71773614.0
7176,2015-05-07,22.2125,22.54,22.025,22.33,42348847.0
7177,2015-05-08,22.69,22.925,22.5475,22.9,55529272.0
7178,2015-05-11,22.8675,22.91,22.425,22.6,41477605.0
7179,2015-05-12,22.42,22.74,22.225,22.485,47108261.0
7180,2015-05-13,22.5575,22.8175,22.4875,22.5225,34288330.0
7181,2015-05-14,22.8725,23.2575,22.81,23.2575,44176463.0
7182,2015-05-15,23.2875,23.3925,23.0725,23.2075,37816314.0
7183,2015-05-18,23.115,23.7,23.11,23.5675,49831842.0
7184,2015-05-19,23.6925,23.74,23.43,23.5375,44273523.0
7185,2015-05-20,23.52,23.765,23.355,23.5475,35942565.0
7186,2015-05-21,23.5375,23.9275,23.4775,23.8675,39297340.0
7187,2015-05-22,23.92,24.2625,23.87,24.155,45079070.0
7188,2015-05-26,24.17,24.2475,23.3,23.425,65519215.0
7189,2015-05-27,23.605,24.085,23.5325,24.03,45563271.0
7190,2015-05-28,23.985,24.0075,23.795,23.965,30638331.0
7191,2015-05-29,23.8275,23.8825,23.495,23.6,46672858.0
7192,2015-06-01,23.82,23.8675,23.5325,23.6525,31951288.0
7193,2015-06-02,23.485,23.6825,23.35,23.51,33548717.0
7194,2015-06-03,23.685,23.755,23.495,23.56,30856938.0
7195,2015-06-04,23.415,23.665,23.2475,23.36,38191860.0
7196,2015-06-05,23.395,23.4425,23.11,23.1825,35243828.0
7197,2015-06-08,23.245,23.3225,22.7275,22.97,52527641.0
7198,2015-06-09,22.695,23.04,22.425,22.875,55746184.0
7199,2015-06-10,23.0,23.355,22.9825,23.24,38898205.0
7200,2015-06-11,23.315,23.565,23.1375,23.1675,35080002.0
7201,2015-06-12,23.065,23.1025,22.7975,22.8125,36697451.0
7202,2015-06-15,22.545,22.83,22.4475,22.75,39646000.0
7203,2015-06-16,22.7775,22.9825,22.6125,22.92,31313044.0
7204,2015-06-17,22.95,22.99,22.705,22.845,32670853.0
7205,2015-06-18,22.8275,23.0975,22.825,22.9825,35211674.0
7206,2015-06-19,22.9475,22.975,22.62,22.67,49048480.0
7207,2015-06-22,22.8925,23.035,22.79,22.9225,33799604.0
7208,2015-06-23,22.89,22.9225,22.74,22.7775,29950032.0
7209,2015-06-24,22.8225,23.47,22.8,23.065,54924245.0
7210,2015-06-25,23.235,23.32,22.895,22.895,31798666.0
7211,2015-06-26,22.9375,23.0175,22.6475,22.7175,37976986.0
7212,2015-06-29,22.385,22.6375,22.14,22.1575,48849032.0
7213,2015-06-30,22.4125,22.55,22.235,22.375,43794410.0
7214,2015-07-01,22.745,22.755,22.5175,22.65,30028055.0
7215,2015-07-02,22.6275,22.6925,22.4625,22.62,26997705.0
7216,2015-07-06,22.255,22.5775,22.2325,22.52,27844079.0
7217,2015-07-07,22.4925,22.5575,21.9625,22.4425,46692274.0
7218,2015-07-08,22.14,22.18,21.655,21.6675,60291169.0
7219,2015-07-09,21.9825,22.035,20.825,21.0375,77719722.0
7220,2015-07-10,21.505,21.9825,21.3225,21.845,60995670.0
7221,2015-07-13,22.2775,22.4575,22.1,22.435,37144543.0
7222,2015-07-14,22.53,22.6125,22.28,22.42,31494459.0
7223,2015-07-15,22.45,22.8075,22.415,22.725,33425557.0
7224,2015-07-16,22.955,23.1625,22.8575,23.1425,35758398.0
7225,2015-07-17,23.29,23.425,23.0975,23.4125,45638110.0
7226,2015-07-20,23.7625,24.2625,23.695,24.0375,54109241.0
7227,2015-07-21,24.2325,24.25,23.6,23.6975,58670648.0
7228,2015-07-22,21.5175,22.395,21.5175,22.305,114535846.0
7229,2015-07-23,22.57,22.7925,22.285,22.31,50322371.0
7230,2015-07-24,22.35,22.455,21.995,22.14,41021612.0
7231,2015-07-27,21.7925,21.9225,21.55,21.7425,44233507.0
7232,2015-07-28,21.865,21.9975,21.6575,21.85,33346467.0
7233,2015-07-29,21.8075,21.895,21.5875,21.7675,35803824.0
7234,2015-07-30,21.6,21.6625,21.4475,21.615,31949522.0
7235,2015-07-31,21.67,21.68,21.2475,21.385,41840314.0
7236,2015-08-03,21.395,21.6625,20.4,20.6275,69287823.0
7237,2015-08-04,20.375,20.445,19.3325,19.68,123109831.0
7238,2015-08-05,19.2575,20.38,19.045,19.87,99099556.0
7239,2015-08-06,20.1425,20.275,19.6775,19.9425,52522639.0
7240,2015-08-07,19.795,20.2125,19.775,20.0275,38400676.0
7241,2015-08-10,20.2825,21.1475,20.2825,21.0725,54369105.0
7242,2015-08-11,20.6025,20.695,19.4825,19.5375,95642638.0
7243,2015-08-12,19.2825,20.005,18.5575,19.96,100940069.0
7244,2015-08-13,20.16,20.25,19.785,19.9375,48169510.0
7245,2015-08-14,19.73,20.2275,19.6525,20.15,42648949.0
7246,2015-08-17,20.16,20.5625,20.025,20.44,40691480.0
7247,2015-08-18,20.2575,20.51,20.1525,20.275,34430532.0
7248,2015-08-19,20.175,20.28,19.82,19.9025,47393371.0
7249,2015-08-20,19.67,19.7375,19.0575,19.3125,67628667.0
7250,2015-08-21,18.7575,19.125,17.56,17.6625,126102401.0
7251,2015-08-24,14.8675,18.35,14.15,16.9375,161237945.0
7252,2015-08-25,18.9275,18.9275,17.025,17.085,102075436.0
7253,2015-08-26,17.92,18.6225,17.4125,18.555,96088856.0
7254,2015-08-27,19.2075,19.46,18.655,19.36,83056017.0
7255,2015-08-28,19.1925,19.4775,19.035,19.47,52848964.0
7256,2015-08-31,19.1575,19.7825,19.15,19.34,55818896.0
7257,2015-09-01,18.6875,19.12,17.99,18.14,75779924.0
7258,2015-09-02,18.7075,19.235,18.4325,19.235,61456220.0
7259,2015-09-03,19.2725,19.345,18.66,18.7425,52876736.0
7260,2015-09-04,18.3925,18.7625,18.2775,18.4675,49588899.0
7261,2015-09-08,19.0625,19.29,18.73,19.2275,53918828.0
7262,2015-09-09,19.59,19.655,18.5925,18.6875,84256455.0
7263,2015-09-10,18.7175,19.47,18.625,19.2925,62646669.0
7264,2015-09-11,19.0975,19.7025,19.09,19.7025,49380376.0
7265,2015-09-14,20.295,20.3725,19.865,19.975,57795498.0
7266,2015-09-15,20.1325,20.2825,19.755,20.22,42897721.0
7267,2015-09-16,20.2125,20.285,20.01,20.2375,36896469.0
7268,2015-09-17,20.065,20.2725,19.5775,19.6325,63355565.0
7269,2015-09-18,19.2025,19.725,19.1175,19.5125,71116161.0
7270,2015-09-21,19.5675,19.9925,19.565,19.9525,46068491.0
7271,2015-09-22,19.495,19.695,19.28,19.5075,49721342.0
7272,2015-09-23,19.5575,19.83,19.475,19.73,35549888.0
7273,2015-09-24,19.4625,20.025,19.2425,19.9,49555865.0
7274,2015-09-25,20.26,20.3225,19.655,19.83,55710956.0
7275,2015-09-28,19.6125,19.7925,19.26,19.26,51609501.0
7276,2015-09-29,19.3575,19.5275,18.115,18.4425,73002489.0
7277,2015-09-30,18.6925,19.035,18.3325,18.6375,65855140.0
7278,2015-10-01,18.4175,18.555,17.9775,18.5425,63521560.0
7279,2015-10-02,18.1525,18.9025,18.0375,18.72,57475884.0
7280,2015-10-05,18.62,18.9925,18.4175,18.845,51702594.0
7281,2015-10-06,18.8075,19.085,18.59,18.9775,48391545.0
7282,2015-10-07,19.085,19.0925,18.5025,18.8175,46589157.0
7283,2015-10-08,18.6975,18.6975,18.2025,18.525,61633372.0
7284,2015-10-09,18.65,19.22,18.5225,19.1725,51847168.0
7285,2015-10-12,19.3325,19.3375,19.01,19.045,30060536.0
7286,2015-10-13,18.855,19.2625,18.82,19.0975,32245682.0
7287,2015-10-14,18.9725,19.03,18.54,18.7025,44169251.0
7288,2015-10-15,18.8825,19.175,18.7725,19.1,37330049.0
7289,2015-10-16,19.095,19.15,18.7825,18.905,38149742.0
7290,2015-10-19,18.85,19.0875,18.6775,19.0825,29595225.0
7291,2015-10-20,18.985,19.6925,18.855,19.595,48758213.0
7292,2015-10-21,19.65,20.045,19.575,19.59,41735296.0
7293,2015-10-22,19.7325,20.025,19.675,20.0175,41007136.0
7294,2015-10-23,20.325,20.955,20.2325,20.9225,58815443.0
7295,2015-10-26,20.67,20.6825,19.88,19.9525,65967988.0
7296,2015-10-27,20.0,20.285,19.6475,19.7875,57725775.0
7297,2015-10-28,20.3825,20.975,20.165,20.9725,84799574.0
7298,2015-10-29,20.825,21.3225,20.7175,21.2825,50131673.0
7299,2015-10-30,21.3975,21.455,21.0125,21.025,48522708.0
7300,2015-11-02,21.1175,21.49,21.0525,21.445,31744041.0
7301,2015-11-03,21.3475,22.0225,21.325,21.7925,45205251.0
7302,2015-11-04,21.9325,22.105,21.555,21.65,44315025.0
7303,2015-11-05,21.7425,21.9525,21.325,21.51,39390763.0
7304,2015-11-06,21.5575,21.7325,21.435,21.545,32946033.0
7305,2015-11-09,21.52,21.7325,21.2925,21.4225,33671674.0
7306,2015-11-10,20.505,20.7975,20.295,20.4625,58718419.0
7307,2015-11-11,20.3725,20.635,20.0825,20.31,45106003.0
7308,2015-11-12,20.345,20.485,20.1925,20.21,32280318.0
7309,2015-11-13,20.08,20.1725,19.3475,19.365,45174623.0
7310,2015-11-16,19.125,19.84,19.03,19.8225,37732241.0
7311,2015-11-17,20.01,20.0425,19.61,19.7025,27271168.0
7312,2015-11-18,20.22,20.6525,20.155,20.6025,46168632.0
7313,2015-11-19,20.69,21.2175,20.47,20.975,42908979.0
7314,2015-11-20,21.08,21.26,20.9925,21.105,34116462.0
7315,2015-11-23,21.0975,21.2125,20.615,20.72,32331458.0
7316,2015-11-24,20.6125,21.1175,20.56,21.0,42428511.0
7317,2015-11-25,21.0825,21.0875,20.76,20.7875,21323962.0
7318,2015-11-27,20.8525,20.8825,20.68,20.7325,13043720.0
7319,2015-11-30,20.7775,21.1325,20.7175,20.8675,37741074.0
7320,2015-12-01,20.9675,20.9825,20.495,20.615,34707566.0
7321,2015-12-02,20.5425,20.8075,20.3,20.35,33242860.0
7322,2015-12-03,20.4175,20.4775,19.835,20.08,41481588.0
7323,2015-12-04,20.1025,21.0925,20.0575,21.0375,57329283.0
7324,2015-12-07,21.025,21.245,20.7325,20.8475,32023214.0
7325,2015-12-08,20.66,20.93,20.495,20.8375,34258913.0
7326,2015-12-09,20.69,20.7025,20.05,20.185,45024538.0
7327,2015-12-10,20.29,20.515,20.1575,20.3225,29105438.0
7328,2015-12-11,20.0775,20.1275,19.4925,19.575,46658825.0
7329,2015-12-14,19.325,19.45,18.7275,19.3925,64424377.0
7330,2015-12-15,19.265,19.48,18.8675,18.895,53109075.0
7331,2015-12-16,19.0475,19.2775,18.48,19.1125,55998747.0
7332,2015-12-17,19.285,19.3425,18.525,18.53,44577847.0
7333,2015-12-18,18.5075,18.66,17.7325,17.755,95840992.0
7334,2015-12-21,18.1,18.1225,17.6725,18.1125,47200280.0
7335,2015-12-22,18.13,18.21,17.8925,18.0875,32692694.0
7336,2015-12-23,18.0975,18.4925,18.08,18.435,32563176.0
7337,2015-12-24,18.53,18.53,18.2675,18.2875,13595753.0
7338,2015-12-28,18.1775,18.2025,17.825,17.985,26589783.0
7339,2015-12-29,18.02,18.6375,17.995,18.465,30856272.0
7340,2015-12-30,18.425,18.455,18.075,18.11,25119371.0
7341,2015-12-31,18.0325,18.0375,17.485,17.5875,40662306.0
7342,2016-01-04,16.9325,17.62,16.78,17.6125,67350475.0
7343,2016-01-05,17.7175,17.7425,16.8825,16.9575,55324704.0
7344,2016-01-06,16.42,16.8725,16.2475,16.455,68253944.0
7345,2016-01-07,15.95,16.3125,15.3875,15.42,80471152.0
7346,2016-01-08,15.9175,16.0575,15.47,15.52,70534672.0
7347,2016-01-11,16.0225,16.045,15.615,15.9125,49570798.0
7348,2016-01-12,16.4175,16.4525,15.99,16.2725,48885086.0
7349,2016-01-13,16.36,16.5775,15.605,15.6225,62207388.0
7350,2016-01-14,15.77,16.4,15.215,16.16,62427712.0
7351,2016-01-15,15.33,15.7075,15.12,15.5425,79056816.0
7352,2016-01-19,15.8825,15.9425,15.155,15.45,52843989.0
7353,2016-01-20,15.055,15.8275,14.635,15.485,72020767.0
7354,2016-01-21,15.545,15.75,15.015,15.3525,52063481.0
7355,2016-01-22,15.9375,16.645,15.8725,16.635,65567471.0
7356,2016-01-25,16.66,16.6625,16.0825,16.1325,51296581.0
7357,2016-01-26,16.2625,16.5,15.7975,16.2775,65735133.0
7358,2016-01-27,15.29,15.4375,14.615,14.635,133162294.0
7359,2016-01-28,14.7275,14.91,14.3775,14.8025,55626535.0
7360,2016-01-29,14.9775,15.615,14.8675,15.615,64335619.0
7361,2016-02-01,15.3975,15.4575,15.13,15.3875,40815093.0
7362,2016-02-02,15.135,15.29,14.85,14.9,37204107.0
7363,2016-02-03,15.03,15.49,14.8,15.3675,45881429.0
7364,2016-02-04,15.375,15.7425,15.2075,15.56,46425539.0
7365,2016-02-05,15.54,15.64,14.8325,14.915,46327213.0
7366,2016-02-08,14.6925,15.335,14.67,15.1625,53989732.0
7367,2016-02-09,14.9825,15.395,14.8925,15.1575,44290152.0
7368,2016-02-10,15.39,15.4975,14.935,14.9775,42300225.0
7369,2016-02-11,14.8575,15.09,14.5575,14.835,50023107.0
7370,2016-02-12,14.9575,15.035,14.6625,14.9075,40323252.0
7371,2016-02-16,15.165,15.6225,15.0625,15.57,48123160.0
7372,2016-02-17,15.5775,15.9625,15.4475,15.94,44814070.0
7373,2016-02-18,16.12,16.1325,15.4325,15.475,38915119.0
7374,2016-02-19,15.41,15.6,15.36,15.42,35304263.0
7375,2016-02-22,15.4875,15.635,15.39,15.63,34248101.0
7376,2016-02-23,15.51,15.535,15.0475,15.0825,31858749.0
7377,2016-02-24,14.905,15.505,14.74,15.435,36195864.0
7378,2016-02-25,15.4225,15.6,15.2225,15.6,27527313.0
7379,2016-02-26,15.71,15.915,15.555,15.6375,28951699.0
7380,2016-02-29,15.625,15.9675,15.5725,15.5825,35134974.0
7381,2016-03-01,15.8225,16.6025,15.765,16.5425,50306260.0
7382,2016-03-02,16.5375,16.6325,16.32,16.5975,33130261.0
7383,2016-03-03,16.555,16.8375,16.5225,16.785,36887816.0
7384,2016-03-04,17.0025,17.3475,16.7525,17.1625,46028635.0
7385,2016-03-07,17.0075,17.1175,16.65,16.8775,35894097.0
7386,2016-03-08,16.605,16.85,16.51,16.6675,31540011.0
7387,2016-03-09,16.7375,16.805,16.4775,16.69,27149730.0
7388,2016-03-10,16.7625,16.97,16.4475,16.7025,33494298.0
7389,2016-03-11,16.97,16.98,16.785,16.975,27411975.0
7390,2016-03-14,16.8875,17.1375,16.855,17.04,25059912.0
7391,2016-03-15,17.4,17.705,17.3725,17.555,40028408.0
7392,2016-03-16,17.5625,17.9875,17.5575,17.9025,38250029.0
7393,2016-03-17,17.79,18.0275,17.65,17.86,34395898.0
7394,2016-03-18,17.995,18.035,17.7075,17.89,43588345.0
7395,2016-03-21,17.8925,18.3225,17.695,17.8875,35461853.0
7396,2016-03-22,17.7225,18.2325,17.7125,18.09,32348253.0
7397,2016-03-23,18.03,18.1775,17.885,17.9425,25687967.0
7398,2016-03-24,17.7775,17.9725,17.6325,17.8275,25881055.0
7399,2016-03-28,17.91,17.9575,17.675,17.7075,19375349.0
7400,2016-03-29,17.6325,18.3575,17.63,18.33,31156123.0
7401,2016-03-30,18.5725,19.015,18.56,18.8,45553831.0
7402,2016-03-31,18.84,18.885,18.63,18.6575,25870281.0
7403,2016-04-01,18.605,18.91,18.46,18.9075,25824427.0
7404,2016-04-04,19.015,19.4575,18.9775,19.19,37325902.0
7405,2016-04-05,18.7875,19.0925,18.765,18.8625,26562168.0
7406,2016-04-06,18.9675,19.155,18.71,19.15,26370512.0
7407,2016-04-07,18.8975,19.015,18.44,18.545,31741981.0
7408,2016-04-08,18.6375,18.8525,18.4525,18.575,23554920.0
7409,2016-04-11,18.6525,19.0625,18.6175,18.665,29362091.0
7410,2016-04-12,18.745,19.035,18.575,19.02,27153415.0
7411,2016-04-13,19.11,19.495,19.11,19.42,33229215.0
7412,2016-04-14,19.315,19.5075,19.2425,19.435,25367601.0
7413,2016-04-15,19.4375,19.485,18.8425,18.8725,46884697.0
7414,2016-04-18,18.6325,18.6475,18.145,18.28,60787091.0
7415,2016-04-19,18.38,18.41,17.9675,18.1375,32343740.0
7416,2016-04-20,18.07,18.4325,17.925,18.1925,30585716.0
7417,2016-04-21,18.1425,18.1425,17.79,17.9025,31439426.0
7418,2016-04-22,17.6625,18.03,17.565,17.83,33661909.0
7419,2016-04-25,17.66,17.8225,17.5375,17.68,28011101.0
7420,2016-04-26,17.3875,17.735,17.3875,17.4975,53916253.0
7421,2016-04-27,15.41,16.0875,15.33,15.865,114481056.0
7422,2016-04-28,15.8125,15.88,14.9725,15.1175,82145557.0
7423,2016-04-29,14.9075,15.09,14.5375,14.845,68449915.0
7424,2016-05-02,14.9,14.93,14.51,14.82,47880187.0
7425,2016-05-03,14.96,15.345,14.83,15.205,56778182.0
7426,2016-05-04,15.21,15.385,14.865,14.9575,40987290.0
7427,2016-05-05,15.0525,15.07,14.7225,14.8625,35853612.0
7428,2016-05-06,14.895,14.915,14.515,14.7325,43669334.0
7429,2016-05-09,14.8025,14.995,14.7,14.75,32899501.0
7430,2016-05-10,14.885,14.945,14.58,14.9075,33655288.0
7431,2016-05-11,14.9225,14.945,14.6675,14.68,28672877.0
7432,2016-05-12,14.7325,14.7475,13.92,14.1375,76194690.0
7433,2016-05-13,14.0525,14.47,14.0525,14.1825,44337703.0
7434,2016-05-16,14.65,15.15,14.465,15.0225,61195802.0
7435,2016-05-17,15.19,15.2275,14.805,14.925,46862564.0
7436,2016-05-18,15.0925,15.355,15.025,15.1925,42019707.0
7437,2016-05-19,15.2125,15.2125,14.945,15.1025,30418556.0
7438,2016-05-20,15.2125,15.41,15.1825,15.3575,31840795.0
7439,2016-05-23,15.52,15.85,15.47,15.66,37978108.0
7440,2016-05-24,15.8575,16.075,15.7625,16.0275,35093988.0
7441,2016-05-25,16.22,16.4875,16.08,16.4575,38264530.0
7442,2016-05-26,16.4725,16.735,16.2125,16.655,56308978.0
7443,2016-05-27,16.4125,16.67,16.3625,16.64,36309750.0
7444,2016-05-31,16.4525,16.6525,16.2575,16.5175,42269041.0
7445,2016-06-01,16.3075,16.4375,16.135,16.1675,29141459.0
7446,2016-06-02,15.9525,16.0125,15.71,15.9825,40173487.0
7447,2016-06-03,16.0,16.12,15.915,16.0325,28488266.0
7448,2016-06-06,16.05,17.025,15.94,16.21,23269272.0
7449,2016-06-07,16.365,16.52,16.2925,16.31,22389975.0
7450,2016-06-08,16.3075,16.4425,16.2225,16.2875,20839962.0
7451,2016-06-09,16.1775,16.55,16.1675,16.465,26576389.0
7452,2016-06-10,16.185,16.3875,16.1725,16.26,31673522.0
7453,2016-06-13,16.225,16.3325,15.8275,15.8875,37963009.0
7454,2016-06-14,15.8825,16.17,15.74,15.9175,31904866.0
7455,2016-06-15,16.0075,16.155,15.81,15.8375,29414892.0
7456,2016-06-16,15.665,15.99,15.57,15.94,31256237.0
7457,2016-06-17,15.7075,15.715,15.3775,15.385,60899727.0
7458,2016-06-20,15.5525,15.695,15.31,15.3275,34359678.0
7459,2016-06-21,15.2875,15.64,15.22,15.53,35433857.0
7460,2016-06-22,15.615,15.775,15.39,15.44,29163295.0
7461,2016-06-23,15.5375,15.625,15.365,15.5775,32046033.0
7462,2016-06-24,14.78,15.215,14.715,14.9025,75226324.0
7463,2016-06-27,14.8025,14.815,14.53,14.5325,5199206.0
7464,2016-06-28,14.7775,14.9675,14.5875,14.95,40396753.0
7465,2016-06-29,15.045,15.19,14.96,15.1525,36508623.0
7466,2016-06-30,15.1625,15.495,15.1275,15.4525,35819997.0
7467,2016-07-01,15.425,15.6675,15.385,15.525,25982640.0
7468,2016-07-05,15.4,15.4025,15.1675,15.3125,27692895.0
7469,2016-07-06,15.2025,15.4675,15.145,15.435,30877539.0
7470,2016-07-07,15.4775,15.6775,15.4575,15.5375,24463250.0
7471,2016-07-08,15.675,15.775,15.565,15.7225,28878352.0
7472,2016-07-11,15.74,15.965,15.735,15.7975,23320137.0
7473,2016-07-12,15.845,15.9775,15.8325,15.9075,24129808.0
7474,2016-07-13,15.905,15.97,15.7625,15.77,25880916.0
7475,2016-07-14,15.9,16.3,15.8825,16.25,38890562.0
7476,2016-07-15,16.2825,16.3775,16.1775,16.2475,30048063.0
7477,2016-07-18,16.2275,16.585,16.2025,16.51,36482746.0
7478,2016-07-19,16.4425,16.5525,16.3875,16.52,23767714.0
7479,2016-07-20,16.5525,16.6675,16.485,16.5425,26238016.0
7480,2016-07-21,16.51,16.8025,16.335,16.41,32713153.0
7481,2016-07-22,16.3675,16.3775,16.13,16.2175,28259407.0
7482,2016-07-25,16.115,16.2625,15.7825,15.8875,40295391.0
7483,2016-07-26,15.7575,16.045,15.6575,15.72,54525662.0
7484,2016-07-27,17.6175,17.64,17.24,17.29,92153927.0
7485,2016-07-28,17.26,17.665,17.2575,17.6375,38781019.0
7486,2016-07-29,17.6,17.69,17.4725,17.605,27703415.0
7487,2016-08-01,17.655,18.09,17.655,18.065,38050547.0
7488,2016-08-02,18.065,18.07,17.5525,17.6725,33771402.0
7489,2016-08-03,17.755,18.0125,17.745,18.0,30155882.0
7490,2016-08-04,18.09,18.195,18.015,18.1625,26787586.0
7491,2016-08-05,18.2625,18.6075,18.24,18.565,39553042.0
7492,2016-08-08,18.575,18.7875,18.485,18.7875,28012348.0
7493,2016-08-09,18.7525,18.93,18.6975,18.8975,26298170.0
7494,2016-08-10,18.8725,18.92,18.635,18.695,23865560.0
7495,2016-08-11,18.825,18.9275,18.6575,18.6775,27460690.0
7496,2016-08-12,18.64,18.805,18.64,18.74,18650951.0
7497,2016-08-15,18.73,19.08,18.715,19.065,25713808.0
7498,2016-08-16,19.1025,19.2525,18.9975,19.04,33758908.0
7499,2016-08-17,18.97,19.0375,18.78,19.0,25330383.0
7500,2016-08-18,19.0025,19.095,18.95,18.965,21937570.0
7501,2016-08-19,18.8875,19.1175,18.785,19.035,25110724.0
7502,2016-08-22,18.91,18.97,18.6575,18.8225,25792882.0
7503,2016-08-23,18.8425,19.025,18.8275,18.9075,21238293.0
7504,2016-08-24,18.835,18.8825,18.615,18.7025,23607398.0
7505,2016-08-25,18.5425,18.665,18.365,18.5875,25056494.0
7506,2016-08-26,18.5475,18.6825,18.2725,18.43,27744430.0
7507,2016-08-29,18.35,18.555,18.2675,18.4,24935895.0
7508,2016-08-30,18.145,18.32,18.07,18.195,24820535.0
7509,2016-08-31,18.11,18.3375,18.105,18.22,31643037.0
7510,2016-09-01,18.23,18.395,18.1,18.3775,26677458.0
7511,2016-09-02,18.62,18.695,18.4,18.6275,26446979.0
7512,2016-09-06,18.67,18.77,18.5725,18.62,26672175.0
7513,2016-09-07,18.6525,18.885,18.4625,18.785,42256233.0
7514,2016-09-08,18.5075,18.5125,18.005,18.075,52962240.0
7515,2016-09-09,17.855,18.125,17.4775,17.4775,46469296.0
7516,2016-09-12,17.3575,18.125,17.3275,18.055,45123027.0
7517,2016-09-13,18.5725,18.8925,18.505,18.6825,62090266.0
7518,2016-09-14,18.8775,19.9525,18.845,19.6375,111188584.0
7519,2016-09-15,20.16,20.6275,20.0675,20.5875,90480397.0
7520,2016-09-16,20.475,20.7275,20.205,20.425,79774346.0
7521,2016-09-19,20.4925,20.74,20.0075,20.09,46942749.0
7522,2016-09-20,19.9575,20.225,19.8225,20.0875,34497736.0
7523,2016-09-21,20.1575,20.1925,19.805,20.0825,35954094.0
7524,2016-09-22,20.2825,20.43,20.195,20.35,31048487.0
7525,2016-09-23,20.3,20.3925,19.5825,19.8725,52423526.0
7526,2016-09-26,19.605,20.0425,19.5825,19.915,29817758.0
7527,2016-09-27,19.945,19.99,19.78,19.9675,24588226.0
7528,2016-09-28,20.1175,20.355,20.0525,20.1825,29613175.0
7529,2016-09-29,19.985,20.145,19.645,19.74,35855884.0
7530,2016-09-30,19.81,20.0375,19.645,19.9575,36343003.0
7531,2016-10-03,19.8725,19.9575,19.765,19.825,21688897.0
7532,2016-10-04,19.96,20.2725,19.8525,19.945,29709251.0
7533,2016-10-05,20.045,20.11,19.8675,19.9575,21409495.0
7534,2016-10-06,20.12,20.28,19.9775,20.1675,28748170.0
7535,2016-10-07,20.2725,20.335,20.0725,20.21,24339516.0
7536,2016-10-10,20.45,20.8825,20.375,20.7075,36129675.0
7537,2016-10-11,21.12,21.3675,20.745,20.77,63967575.0
7538,2016-10-12,21.0325,21.19,20.8825,21.03,37538535.0
7539,2016-10-13,20.8925,21.055,20.625,20.94,35049854.0
7540,2016-10-14,21.165,21.2375,20.9775,21.1025,35633687.0
7541,2016-10-17,21.0275,21.155,20.89,21.0825,23598247.0
7542,2016-10-18,21.24,21.2475,21.0575,21.0625,24506854.0
7543,2016-10-19,21.0075,21.135,20.145,20.975,19992614.0
7544,2016-10-20,20.91,21.04,20.7775,20.96,24105541.0
7545,2016-10-21,20.8975,20.9225,20.765,20.845,22529486.0
7546,2016-10-24,20.97,21.13,20.945,21.1075,23506417.0
7547,2016-10-25,21.1825,21.285,21.0225,21.2575,47394866.0
7548,2016-10-26,20.2725,20.62,20.0225,20.5925,66031410.0
7549,2016-10-27,20.5425,20.66,20.22,20.315,34422012.0
7550,2016-10-28,20.1625,20.4975,20.0575,20.125,36795783.0
7551,2016-10-31,20.1075,20.2525,19.995,20.08,26379632.0
7552,2016-11-01,20.06,20.1375,19.3275,19.5675,43661178.0
7553,2016-11-02,19.545,19.7825,19.5025,19.5925,28191471.0
7554,2016-11-03,19.5825,19.7025,19.225,19.295,26541093.0
7555,2016-11-04,18.97,19.4,18.865,19.0475,30804148.0
7556,2016-11-07,19.3575,19.465,19.2025,19.44,32364590.0
7557,2016-11-08,19.415,19.7675,19.2625,19.6025,24132181.0
7558,2016-11-09,19.3075,19.6675,18.85,19.5575,59156836.0
7559,2016-11-10,19.61,19.61,18.295,18.785,57105664.0
7560,2016-11-11,18.6175,19.055,18.475,18.945,34125281.0
7561,2016-11-14,18.765,18.79,17.8575,18.265,50907153.0
7562,2016-11-15,18.48,18.7575,18.3775,18.615,32230627.0
7563,2016-11-16,18.5125,19.395,18.4875,19.335,58809804.0
7564,2016-11-17,19.29,19.425,19.045,19.325,27624576.0
7565,2016-11-18,19.2675,19.4725,19.2525,19.3525,28331669.0
7566,2016-11-21,19.3675,19.835,19.34,19.77,29170024.0
7567,2016-11-22,19.825,19.9425,19.6875,19.7875,25936177.0
7568,2016-11-23,19.6775,19.715,19.42,19.645,27420959.0
7569,2016-11-25,19.62,19.805,19.575,19.785,11475922.0
7570,2016-11-28,19.695,19.9525,19.685,19.73,27099626.0
7571,2016-11-29,19.5325,19.845,19.355,19.7025,28510409.0
7572,2016-11-30,19.7375,19.8875,19.405,19.4675,36152776.0
7573,2016-12-01,19.4275,19.5725,19.095,19.21,37035119.0
7574,2016-12-02,19.13,19.36,19.05,19.3125,26482265.0
7575,2016-12-05,19.3375,19.345,18.9,19.115,34114147.0
7576,2016-12-06,19.2125,19.4275,19.135,19.325,26165916.0
7577,2016-12-07,19.1525,19.635,19.1275,19.595,29978926.0
7578,2016-12-08,19.5525,19.945,19.4875,19.8675,27053247.0
7579,2016-12-09,19.915,20.5125,19.915,20.325,34376027.0
7580,2016-12-12,20.16,20.5875,19.96,20.1625,26180189.0
7581,2016-12-13,20.2975,20.8175,20.275,20.635,43296981.0
7582,2016-12-14,20.5975,20.8875,20.5825,20.635,33968745.0
7583,2016-12-15,20.6825,21.02,20.645,20.7925,46286513.0
7584,2016-12-16,20.955,20.9625,20.7475,20.83,44285171.0
7585,2016-12-19,20.7875,21.1825,20.775,20.9975,27759619.0
7586,2016-12-20,21.0225,21.2125,21.0075,21.075,21401196.0
7587,2016-12-21,21.0375,21.1875,21.0325,21.1025,23724774.0
7588,2016-12-22,20.925,20.965,20.7475,20.91,26044771.0
7589,2016-12-23,20.735,20.9675,20.735,20.9675,14244752.0
7590,2016-12-27,20.9675,21.2875,20.96,21.1525,18133456.0
7591,2016-12-28,21.2175,21.34,20.8875,21.0275,20691106.0
7592,2016-12-29,20.95,21.115,20.9375,21.02,14980035.0
7593,2016-12-30,21.0,21.1375,20.695,20.7925,30561669.0
7594,2017-01-03,20.7875,20.92,20.5275,20.875,28763145.0
7595,2017-01-04,20.8,20.965,20.775,20.8425,21082181.0
7596,2017-01-05,20.8175,21.0525,20.79,20.99,22115396.0
7597,2017-01-06,21.0325,21.3775,20.955,21.315,31717029.0
7598,2017-01-09,21.325,21.695,21.3225,21.585,33523959.0
7599,2017-01-10,21.53,21.6825,21.4125,21.615,24434145.0
7600,2017-01-11,21.5225,21.82,21.4875,21.775,27453380.0
7601,2017-01-12,21.56,21.6625,21.39,21.65,27065129.0
7602,2017-01-13,21.615,21.7425,21.54,21.5975,26087411.0
7603,2017-01-17,21.4225,21.8975,21.3925,21.8375,34413608.0
7604,2017-01-18,21.8375,21.9625,21.765,21.835,23687925.0
7605,2017-01-19,21.6875,21.86,21.68,21.7825,25556709.0
7606,2017-01-20,21.95,21.95,21.77,21.8375,29923001.0
7607,2017-01-23,21.8375,22.04,21.78,21.8575,21985311.0
7608,2017-01-24,21.725,21.8625,21.7125,21.83,23193797.0
7609,2017-01-25,21.9425,22.3625,21.9075,22.3075,32564729.0
7610,2017-01-26,22.255,22.4475,22.2375,22.3225,26322394.0
7611,2017-01-27,22.3725,22.425,22.2375,22.325,20496585.0
7612,2017-01-30,22.07,22.245,22.0025,22.245,30329859.0
7613,2017-01-31,22.125,22.185,21.9925,22.175,48247083.0
7614,2017-02-01,23.595,24.46,23.59,24.025,111855283.0
7615,2017-02-02,23.83,24.185,23.7825,23.97,33672447.0
7616,2017-02-03,23.915,24.135,23.8775,24.1075,24471696.0
7617,2017-02-06,24.12,24.4625,24.0625,24.41,26793715.0
7618,2017-02-07,24.4725,24.86,24.45,24.72,38161997.0
7619,2017-02-08,24.675,24.8925,24.6425,24.8475,22945646.0
7620,2017-02-09,24.8925,25.09,24.76,25.085,28323962.0
7621,2017-02-10,25.095,25.215,24.9925,25.01,20050615.0
7622,2017-02-13,25.25,25.435,25.1675,25.3025,22998364.0
7623,2017-02-14,25.3475,25.7525,25.2925,25.735,33064858.0
7624,2017-02-15,25.86,26.0475,25.635,25.8575,35579916.0
7625,2017-02-16,25.8975,25.955,25.69,25.815,22543246.0
7626,2017-02-17,25.755,25.9375,25.755,25.91,22180744.0
7627,2017-02-21,26.0375,26.1675,25.975,26.155,24488341.0
7628,2017-02-22,26.0875,26.26,26.0075,26.2575,20794431.0
7629,2017-02-23,26.325,26.35,26.055,26.1125,20762716.0
7630,2017-02-24,25.9575,26.145,25.8,26.145,21755623.0
7631,2017-02-27,26.265,26.3375,26.05,26.2125,20224176.0
7632,2017-02-28,26.25,26.3375,26.155,26.2275,23449576.0
7633,2017-03-01,26.4525,27.0175,26.3775,26.9275,36363807.0
7634,2017-03-02,26.98,27.05,26.67,26.72,26182197.0
7635,2017-03-03,26.675,26.9375,26.6275,26.925,21556130.0
7636,2017-03-06,26.82,26.9225,26.6275,26.815,21230350.0
7637,2017-03-07,26.745,26.975,26.6775,26.86,17439815.0
7638,2017-03-08,26.7175,26.93,26.685,26.73,18697403.0
7639,2017-03-09,26.665,26.6775,26.2425,26.65,22134841.0
7640,2017-03-10,26.7925,26.8175,26.64,26.765,19586140.0
7641,2017-03-13,26.6925,26.8375,26.685,26.78,17052208.0
7642,2017-03-14,26.805,26.8925,26.69,26.7275,15291388.0
7643,2017-03-15,26.8325,27.1675,26.735,27.095,25678446.0
7644,2017-03-16,27.16,27.235,27.045,27.1525,19214921.0
7645,2017-03-17,27.23,27.23,26.9525,26.9775,43710004.0
7646,2017-03-20,27.08,27.355,27.0375,27.345,21479678.0
7647,2017-03-21,27.5075,27.68,26.9125,26.94,39463155.0
7648,2017-03-22,26.94,27.38,26.92,27.335,25811516.0
7649,2017-03-23,27.295,27.375,27.1325,27.21,20299845.0
7650,2017-03-24,27.355,27.415,27.0675,27.14,22365272.0
7651,2017-03-27,26.8275,27.285,26.635,27.2,23562018.0
7652,2017-03-28,27.2075,27.99,27.135,27.93,33353285.0
7653,2017-03-29,27.9,28.1025,27.7775,28.01,29174267.0
7654,2017-03-30,28.0275,28.105,27.855,27.9625,21189560.0
7655,2017-03-31,27.91,28.0475,27.7325,27.895,19642715.0
7656,2017-04-03,27.9075,28.01,27.7425,27.905,19975980.0
7657,2017-04-04,27.7925,28.2025,27.7725,28.1725,19877676.0
7658,2017-04-05,28.035,28.345,27.9325,27.985,27663728.0
7659,2017-04-06,28.0525,28.11,27.8425,27.895,21132002.0
7660,2017-04-07,27.9125,28.025,27.7975,27.815,16659657.0
7661,2017-04-10,27.88,27.95,27.705,27.7725,18905364.0
7662,2017-04-11,27.715,27.8175,26.995,27.3875,30353007.0
7663,2017-04-12,27.38,27.5175,27.2325,27.43,20321631.0
7664,2017-04-13,27.4575,27.575,27.2425,27.2425,17778143.0
7665,2017-04-17,27.35,27.45,27.1975,27.4375,16557234.0
7666,2017-04-18,27.3325,27.49,27.2575,27.28,14677941.0
7667,2017-04-19,27.45,27.48,27.0925,27.15,17303881.0
7668,2017-04-20,27.285,27.71,27.27,27.59,23297505.0
7669,2017-04-21,27.59,27.65,27.4425,27.5475,17297819.0
7670,2017-04-24,27.855,27.9675,27.775,27.89,17118457.0
7671,2017-04-25,27.9575,28.205,27.9475,28.1125,18671987.0
7672,2017-04-26,28.0975,28.13,27.8225,27.9,20016925.0
7673,2017-04-27,27.96,28.02,27.8075,27.9275,14207643.0
7674,2017-04-28,28.0025,28.055,27.7975,27.8925,20831183.0
7675,2017-05-01,28.255,28.78,28.22,28.625,33527080.0
7676,2017-05-02,28.865,29.0025,28.69,28.8575,44432690.0
7677,2017-05-03,28.3775,28.8525,28.0475,28.745,45609582.0
7678,2017-05-04,28.61,28.765,28.4325,28.6125,23346293.0
7679,2017-05-05,28.67,29.225,28.67,29.22,27290897.0
7680,2017-05-08,29.2375,30.405,29.2375,30.2325,48684137.0
7681,2017-05-09,30.4475,30.7,30.3425,30.4775,39031970.0
7682,2017-05-10,30.3875,30.465,30.0075,30.295,25780583.0
7683,2017-05-11,30.25,30.655,30.215,30.625,27239428.0
7684,2017-05-12,30.8125,31.2425,30.805,31.1625,32498413.0
7685,2017-05-15,31.14,31.3,30.9,31.0625,25915047.0
7686,2017-05-16,31.1225,31.1525,30.8175,31.005,19996232.0
7687,2017-05-17,30.5375,30.78,29.565,29.7,50679848.0
7688,2017-05-18,29.955,30.4725,29.92,30.2725,33525106.0
7689,2017-05-19,30.4825,30.6325,30.295,30.4025,26933815.0
7690,2017-05-22,30.6375,30.7825,30.365,30.635,22934398.0
7691,2017-05-23,30.8625,30.8625,30.465,30.5875,19908957.0
7692,2017-05-24,30.5975,30.68,30.305,30.4725,19207232.0
7693,2017-05-25,30.57,30.725,30.395,30.605,19219081.0
7694,2017-05-26,30.6375,30.6975,30.465,30.54,21902211.0
7695,2017-05-30,30.4925,30.745,30.47,30.555,20119009.0
7696,2017-05-31,30.63,30.68,30.2325,30.3275,24455800.0
7697,2017-06-01,30.43,30.47,30.1925,30.4325,16384407.0
7698,2017-06-02,30.5325,31.0,30.36,31.0,27732984.0
7699,2017-06-05,30.7225,30.75,30.5025,30.62,25284641.0
7700,2017-06-06,30.6125,31.09,30.5825,30.75,26593991.0
7701,2017-06-07,30.8925,31.1325,30.7575,30.98,21020366.0
7702,2017-06-08,30.95,31.0225,30.7375,30.885,21146643.0
7703,2017-06-09,30.935,30.935,28.6425,29.3825,64788624.0
7704,2017-06-12,28.5725,28.66,27.765,28.4925,72202819.0
7705,2017-06-13,28.9275,29.0,28.425,28.785,34096538.0
7706,2017-06-14,29.0125,29.0125,28.0975,28.4275,31455996.0
7707,2017-06-15,27.9675,28.2575,27.69,28.21,31662421.0
7708,2017-06-16,28.0825,28.2625,27.6875,27.705,50267760.0
7709,2017-06-19,28.0525,28.8225,28.0525,28.7225,32466322.0
7710,2017-06-20,28.855,28.855,28.3725,28.39,24886167.0
7711,2017-06-21,28.5175,28.655,28.29,28.605,21248410.0
7712,2017-06-22,28.58,28.8125,28.4175,28.545,19086118.0
7713,2017-06-23,28.42,28.9275,28.415,28.7075,35423678.0
7714,2017-06-26,28.93,29.2075,28.4825,28.5925,25679183.0
7715,2017-06-27,28.39,28.6775,28.0425,28.07,24731399.0
7716,2017-06-28,28.26,28.665,27.9275,28.595,22056060.0
7717,2017-06-29,28.315,28.42,27.7075,28.0575,31454522.0
7718,2017-06-30,28.25,28.3775,28.0825,28.1425,23004137.0
7719,2017-07-03,28.3575,28.4625,27.9125,28.0125,14277848.0
7720,2017-07-05,28.06,28.335,27.8175,28.16,21551200.0
7721,2017-07-06,27.8925,28.0125,27.74,27.82,24110718.0
7722,2017-07-07,27.8625,28.325,27.8625,28.1825,19201712.0
7723,2017-07-10,28.165,28.625,27.98,28.4025,21090636.0
7724,2017-07-11,28.3175,28.6,28.2325,28.52,12952980.0
7725,2017-07-12,28.6125,28.6825,28.3425,28.5725,15622552.0
7726,2017-07-13,28.5325,29.26,28.5125,29.08,15984458.0
7727,2017-07-14,29.1375,29.47,28.97,29.3975,12909463.0
7728,2017-07-17,29.365,29.855,29.28,29.5275,16357705.0
7729,2017-07-18,29.4375,29.67,29.305,29.6575,11481325.0
7730,2017-07-19,29.7575,29.9925,29.625,29.8925,20922969.0
7731,2017-07-20,30.0475,30.0725,29.685,29.7225,10861372.0
7732,2017-07-21,29.61,29.7475,29.3575,29.705,17818298.0
7733,2017-07-24,29.7775,30.245,29.6125,30.16,14446538.0
7734,2017-07-25,30.1975,30.5975,30.1975,30.3225,12179278.0
7735,2017-07-26,30.4875,30.62,30.4025,30.5025,10545034.0
7736,2017-07-27,30.575,30.635,28.9625,29.7775,32476337.0
7737,2017-07-28,29.5675,29.695,29.435,29.5125,11174280.0
7738,2017-07-31,29.6125,29.72,29.17,29.32,19845920.0
7739,2017-08-01,29.455,29.6925,29.24,29.65,20354202.0
7740,2017-08-02,32.0125,32.075,31.1775,31.4225,44794779.0
7741,2017-08-03,31.395,31.4375,30.8925,31.03,17882106.0
7742,2017-08-04,31.1675,31.4875,31.06,31.235,13787215.0
7743,2017-08-07,31.3875,31.8675,31.3075,31.84,14999747.0
7744,2017-08-08,31.78,32.595,31.705,32.1575,23260923.0
7745,2017-08-09,31.9525,32.455,31.915,32.4025,26131530.0
7746,2017-08-10,32.27,32.295,30.9525,31.125,40804273.0
7747,2017-08-11,31.42,31.9375,31.3125,31.665,26257096.0
7748,2017-08-14,32.125,32.3475,31.9825,32.2575,22122734.0
7749,2017-08-15,32.46,32.8425,32.33,32.695,29465487.0
7750,2017-08-16,32.78,32.9225,32.3325,32.5325,27671612.0
7751,2017-08-17,32.425,32.4725,31.755,31.76,27940565.0
7752,2017-08-18,31.76,32.17,31.475,31.67,27428069.0
7753,2017-08-21,31.67,31.7675,31.0725,31.5975,26368528.0
7754,2017-08-22,31.8525,32.295,31.8,32.24,21604585.0
7755,2017-08-23,32.0625,32.4125,32.015,32.29,19399081.0
7756,2017-08-24,32.4025,32.48,31.9325,32.1125,19818918.0
7757,2017-08-25,32.2075,32.435,32.1125,32.26,25480063.0
7758,2017-08-28,32.33,32.795,32.2775,32.6625,25965972.0
7759,2017-08-29,32.32,33.075,32.295,33.0225,29516910.0
7760,2017-08-30,33.245,33.2675,32.9475,33.1325,27269584.0
7761,2017-08-31,33.205,33.425,33.165,33.295,26785096.0
7762,2017-09-01,33.495,33.53,33.2025,33.3075,16591051.0
7763,2017-09-05,33.2325,33.3575,32.435,32.815,29536314.0
7764,2017-09-06,32.9725,33.0425,32.425,32.7725,21651726.0
7765,2017-09-07,32.8175,32.855,32.385,32.61,21928502.0
7766,2017-09-08,32.51,32.5825,31.9275,31.9525,28611535.0
7767,2017-09-11,32.42,32.8075,32.2675,32.67,31580798.0
7768,2017-09-12,32.9475,33.285,31.9875,32.51,71714046.0
7769,2017-09-13,32.2625,32.285,31.7725,32.2075,44907361.0
7770,2017-09-14,32.0425,32.145,31.8175,31.865,23760749.0
7771,2017-09-15,31.9125,32.5375,31.795,32.265,49114602.0
7772,2017-09-18,32.3225,32.42,31.795,31.9625,28269435.0
7773,2017-09-19,32.1725,32.2375,31.905,31.9775,20810632.0
7774,2017-09-20,31.77,31.86,30.7525,31.3125,52951364.0
7775,2017-09-21,31.245,31.245,30.4825,30.6425,37511661.0
7776,2017-09-22,30.3,30.3625,29.935,30.2675,46645443.0
7777,2017-09-25,29.7925,30.2525,29.585,29.9325,44387336.0
7778,2017-09-26,30.24,30.775,30.2175,30.58,36660045.0
7779,2017-09-27,30.745,30.975,30.68,30.8525,25504227.0
7780,2017-09-28,30.7675,30.865,30.47,30.615,22005455.0
7781,2017-09-29,30.5975,30.8275,30.295,30.825,26299810.0
7782,2017-10-02,30.86,30.9075,30.475,30.7475,18698842.0
7783,2017-10-03,30.7975,31.0675,30.7725,30.915,16230293.0
7784,2017-10-04,30.7025,30.76,30.41,30.665,20163750.0
7785,2017-10-05,30.84,31.155,30.8075,31.1425,21283769.0
7786,2017-10-06,31.0375,31.1675,30.935,31.12,17407558.0
7787,2017-10-09,31.2475,31.4775,31.1675,31.255,16262923.0
7788,2017-10-10,31.31,31.795,31.07,31.27,15617014.0
7789,2017-10-11,31.2875,31.54,31.2325,31.4325,16905640.0
7790,2017-10-12,31.3825,31.6375,31.2275,31.295,16125054.0
7791,2017-10-13,31.4775,31.615,31.3975,31.5425,16394188.0
7792,2017-10-16,31.77,32.295,31.7075,32.265,24121452.0
7793,2017-10-17,32.24,32.5125,32.1025,32.4125,18997275.0
7794,2017-10-18,32.4,32.4725,32.195,32.235,16374164.0
7795,2017-10-19,31.4825,31.565,31.05,31.29,42584166.0
7796,2017-10-20,31.4475,31.7325,31.285,31.3575,23974146.0
7797,2017-10-23,31.5175,31.7175,31.17,31.3375,21984327.0
7798,2017-10-24,31.3675,31.65,31.345,31.57,17757230.0
7799,2017-10-25,31.5225,31.6825,31.1125,31.3975,21207098.0
7800,2017-10-26,31.6025,31.7525,31.49,31.6475,17000469.0
7801,2017-10-27,32.1175,33.195,31.97,33.0575,44454160.0
7802,2017-10-30,33.2675,34.3125,33.225,33.975,44700772.0
7803,2017-10-31,34.27,34.7075,34.03,34.555,36046828.0
7804,2017-11-01,34.7625,34.78,33.6975,34.0175,33637762.0
7805,2017-11-02,34.205,34.42,33.615,34.3225,41393373.0
7806,2017-11-03,35.82,35.8575,35.075,35.42,59398631.0
7807,2017-11-06,35.3875,36.0425,35.225,35.8575,35026306.0
7808,2017-11-07,35.7725,36.1075,35.695,35.9975,24361485.0
7809,2017-11-08,35.96,36.355,35.8775,36.355,24409527.0
7810,2017-11-09,36.0725,36.32,35.58,36.265,29482596.0
7811,2017-11-10,36.23,36.2975,36.02,36.12,25145500.0
7812,2017-11-13,35.8275,36.0775,35.8025,35.945,16982080.0
7813,2017-11-14,35.7125,35.8225,35.2475,35.2875,24782487.0
7814,2017-11-15,34.945,35.0325,34.5475,34.7225,29158070.0
7815,2017-11-16,35.2475,35.42,35.0275,35.2275,23637484.0
7816,2017-11-17,35.2125,35.3,34.8625,34.99,21899544.0
7817,2017-11-20,35.025,35.0925,34.8425,34.9475,16262447.0
7818,2017-11-21,35.1475,35.8775,35.1475,35.7375,25131295.0
7819,2017-11-22,35.7925,36.2025,35.715,36.1925,25588925.0
7820,2017-11-24,36.2275,36.3275,36.115,36.195,14026673.0
7821,2017-11-27,36.215,36.2225,35.7875,35.975,20716802.0
7822,2017-11-28,36.0275,36.17,35.4175,35.72,26428802.0
7823,2017-11-29,35.61,35.6825,34.2425,34.8225,41666364.0
7824,2017-11-30,35.06,35.4875,34.5625,35.415,41527218.0
7825,2017-12-01,34.94,35.37,34.5775,35.215,39759288.0
7826,2017-12-04,35.5725,35.6075,34.86,34.9025,32542385.0
7827,2017-12-05,34.7175,35.3325,34.5525,34.8625,27350154.0
7828,2017-12-06,34.3275,35.0025,34.0675,34.705,28560000.0
7829,2017-12-07,34.71,35.0625,34.68,34.7825,25673308.0
7830,2017-12-08,35.075,35.2025,34.6575,34.795,23355231.0
7831,2017-12-11,34.7525,35.675,34.65,35.62,35273759.0
7832,2017-12-12,35.49,35.55,35.3175,35.3775,19409230.0
7833,2017-12-13,35.5775,35.8375,35.4525,35.52,23818447.0
7834,2017-12-14,35.5525,35.735,35.365,35.5075,20476541.0
7835,2017-12-15,35.86,35.995,35.5675,35.945,40169307.0
7836,2017-12-18,36.1725,36.7525,36.1675,36.5575,29421114.0
7837,2017-12-19,36.21,36.3,35.975,36.0875,27436447.0
7838,2017-12-20,36.17,36.3075,35.765,36.04,23475649.0
7839,2017-12-21,35.995,36.4575,35.9775,36.205,20949896.0
7840,2017-12-22,36.1225,36.3075,36.0775,36.205,16349444.0
7841,2017-12-26,35.1525,35.32,34.8725,35.095,33185536.0
7842,2017-12-27,34.9775,35.1475,34.88,35.1025,21498213.0
7843,2017-12-28,35.2025,35.415,35.0725,35.2225,16480187.0
7844,2017-12-29,35.0825,35.1,34.7575,34.76,25999922.0
7845,2018-01-02,34.9925,35.5275,34.7675,35.5175,25555934.0
7846,2018-01-03,35.585,36.09,35.4425,35.51,29517899.0
7847,2018-01-04,35.5875,35.82,35.4725,35.71,22434597.0
7848,2018-01-05,35.8125,36.295,35.715,36.2025,23660018.0
7849,2018-01-08,36.04,36.355,35.935,36.04,20567766.0
7850,2018-01-09,36.09,36.2175,35.805,36.035,21583997.0
7851,2018-01-10,35.7425,36.0275,35.7025,36.025,23959895.0
7852,2018-01-11,36.1,36.325,36.075,36.2725,18667729.0
7853,2018-01-12,36.4975,36.7925,36.365,36.725,25418080.0
7854,2018-01-16,36.9275,37.3,36.4875,36.5,29565947.0
7855,2018-01-17,36.49,37.265,36.22,37.2275,34386836.0
7856,2018-01-18,37.295,37.4775,37.015,37.2675,31193352.0
7857,2018-01-19,37.105,37.3475,36.805,37.0675,32425067.0
7858,2018-01-22,36.7775,36.8975,36.6025,36.7025,27108551.0
7859,2018-01-23,36.7775,37.3125,36.6575,36.7125,32689146.0
7860,2018-01-24,36.765,36.7775,35.7525,36.0075,51105090.0
7861,2018-01-25,36.08,36.19,35.085,35.23,41529004.0
7862,2018-01-26,35.4525,35.4525,34.9675,35.33,39143011.0
7863,2018-01-29,34.9925,34.9925,34.22,34.4425,50640406.0
7864,2018-01-30,33.835,34.295,33.6275,34.195,46048185.0
7865,2018-01-31,34.17,34.5625,34.0775,34.31,32478930.0
7866,2018-02-01,34.245,34.6075,34.1425,34.3975,47230787.0
7867,2018-02-02,33.9525,34.1525,32.4775,32.5775,86593825.0
7868,2018-02-05,32.2275,33.4225,31.4525,31.575,72738522.0
7869,2018-02-06,31.16,33.3825,30.9525,33.21,68243838.0
7870,2018-02-07,33.225,33.3025,32.22,32.3375,51608580.0
7871,2018-02-08,32.525,32.7025,31.21,31.24,54390516.0
7872,2018-02-09,31.8775,32.0825,30.17,31.7125,70672608.0
7873,2018-02-12,32.235,33.5825,31.9875,33.2875,60819539.0
7874,2018-02-13,33.0975,33.7975,33.0225,33.695,32549163.0
7875,2018-02-14,33.37,34.495,33.33,34.4525,40644933.0
7876,2018-02-15,35.0575,35.8825,34.86,35.8575,51147171.0
7877,2018-02-16,35.7,36.315,35.5525,35.7175,40176091.0
7878,2018-02-20,35.6225,36.175,35.465,35.5725,33930540.0
7879,2018-02-21,35.8175,36.14,35.3625,35.3775,37471623.0
7880,2018-02-22,35.56,36.0975,35.5375,35.735,30991940.0
7881,2018-02-23,36.0275,36.5225,35.995,36.485,33812360.0
7882,2018-02-26,36.6975,37.4575,36.6625,37.3525,38162174.0
7883,2018-02-27,37.385,37.73,37.15,37.2075,38928125.0
7884,2018-02-28,37.425,37.765,37.1225,37.14,37782138.0
7885,2018-03-01,37.245,37.555,35.775,36.36,48801970.0
7886,2018-03-02,35.81,36.685,35.7225,36.6625,38453950.0
7887,2018-03-05,36.4125,37.045,36.24,36.815,28401366.0
7888,2018-03-06,37.0875,37.1725,36.6425,36.7775,23788506.0
7889,2018-03-07,36.345,36.5725,36.1775,36.3675,31703462.0
7890,2018-03-08,36.48,36.89,36.3775,36.845,23774107.0
7891,2018-03-09,37.1,37.61,36.9575,37.605,32185162.0
7892,2018-03-12,37.6825,38.2075,37.6625,38.04,32207081.0
7893,2018-03-13,38.2575,38.485,37.42,37.6025,31693529.0
7894,2018-03-14,37.69,37.74,37.0625,37.22,29368356.0
7895,2018-03-15,37.235,37.67,37.1275,37.2725,22743798.0
7896,2018-03-16,37.2725,37.39,37.015,37.115,39404688.0
7897,2018-03-19,36.94,36.9775,36.025,36.435,33446771.0
7898,2018-03-20,36.42,36.81,36.345,36.42,19649350.0
7899,2018-03-21,36.37,36.3825,35.425,35.4275,37054935.0
7900,2018-03-22,35.11,35.78,34.76,34.8225,41490767.0
7901,2018-03-23,34.7075,35.09,33.845,33.845,41028784.0
7902,2018-03-26,34.6275,35.885,34.22,35.8025,37541236.0
7903,2018-03-27,36.03,36.3975,34.34,34.695,40922579.0
7904,2018-03-28,34.4225,35.115,33.9075,34.23,41668545.0
7905,2018-03-29,34.5625,35.5475,34.335,34.555,38398505.0
7906,2018-04-02,34.58,34.845,33.7275,34.28,37445578.0
7907,2018-04-03,34.52,34.7975,33.83,34.7075,30278046.0
7908,2018-04-04,33.83,35.6125,33.8025,35.5125,34605489.0
7909,2018-04-05,35.755,36.1675,35.63,35.81,26933197.0
7910,2018-04-06,35.3525,35.73,34.66,34.705,35005290.0
7911,2018-04-09,35.08,35.8825,35.0725,35.1225,29017718.0
7912,2018-04-10,35.86,36.11,35.4925,35.9225,28614241.0
7913,2018-04-11,35.6675,36.09,35.535,35.72,22431640.0
7914,2018-04-12,35.9625,36.36,35.87,36.145,22889285.0
7915,2018-04-13,36.305,36.57,36.0725,36.2925,25124255.0
7916,2018-04-16,36.3675,36.6575,36.3175,36.565,21578420.0
7917,2018-04-17,36.7325,37.345,36.7125,37.17,26605442.0
7918,2018-04-18,37.0625,37.315,36.83,37.07,20754538.0
7919,2018-04-19,36.3475,36.4575,35.775,35.81,34808800.0
7920,2018-04-20,35.26,35.415,33.9675,34.04,65491140.0
7921,2018-04-23,34.3175,34.34,33.6325,33.92,36515477.0
7922,2018-04-24,34.0275,34.1925,32.915,33.345,33692017.0
7923,2018-04-25,33.265,33.965,33.2125,33.5225,28382084.0
7924,2018-04-26,33.64,34.0425,33.4525,33.665,27963014.0
7925,2018-04-27,33.61,33.6925,32.7675,33.19,35655839.0
7926,2018-04-30,33.1425,34.425,33.07,33.925,42427424.0
7927,2018-05-01,34.2125,34.91,33.9275,34.885,53569376.0
7928,2018-05-02,36.4175,37.0475,36.06,36.7525,66539371.0
7929,2018-05-03,36.58,36.985,36.22,36.8325,34068180.0
7930,2018-05-04,37.1725,38.6725,37.1525,38.5675,56201317.0
7931,2018-05-07,38.905,39.5275,38.7975,38.9,42451423.0
7932,2018-05-08,38.8575,39.165,38.5275,39.1225,28402777.0
7933,2018-05-09,39.2475,39.46,38.915,39.45,23211241.0
7934,2018-05-10,39.545,40.2025,39.5225,40.12,27989289.0
7935,2018-05-11,40.165,40.3075,39.655,39.94,26212221.0
7936,2018-05-14,40.045,40.175,39.7575,39.83,20778772.0
7937,2018-05-15,39.4875,39.56,39.0675,39.4025,23695159.0
7938,2018-05-16,39.31,39.9075,39.2925,39.8375,19183064.0
7939,2018-05-17,39.7925,40.02,39.3825,39.54,17294029.0
7940,2018-05-18,39.59,39.745,39.325,39.37,18297728.0
7941,2018-05-21,39.7925,40.11,39.52,39.7,18400787.0
7942,2018-05-22,39.8875,40.0125,39.4875,39.5825,15240704.0
7943,2018-05-23,39.38,39.9175,39.2325,39.8825,20058415.0
7944,2018-05-24,39.985,40.0025,39.345,39.83,23233975.0
7945,2018-05-25,39.85,40.205,39.705,39.9375,17460963.0
7946,2018-05-29,39.6925,39.98,39.51,39.7675,22514075.0
7947,2018-05-30,39.7225,39.7925,39.4875,39.6675,18690547.0
7948,2018-05-31,39.5975,39.85,39.3275,39.51,27482793.0
7949,2018-06-01,39.79,40.3575,39.73,40.3525,23442510.0
7950,2018-06-04,40.7025,41.1475,40.63,40.75,26266174.0
7951,2018-06-05,41.06,41.2775,40.8825,41.12,21565963.0
7952,2018-06-06,41.2,41.3125,40.7725,41.2875,20933619.0
7953,2018-06-07,41.3275,41.3425,40.8775,41.1575,21347180.0
7954,2018-06-08,40.585,40.7925,40.235,40.7175,26656799.0
7955,2018-06-11,40.63,40.785,40.345,40.6,18308460.0
7956,2018-06-12,40.64,40.945,40.58,40.8625,16911141.0
7957,2018-06-13,40.8975,41.0125,40.4025,40.4675,21638393.0
7958,2018-06-14,40.68,40.685,40.3475,40.4925,21610074.0
7959,2018-06-15,40.3,40.3325,39.8575,40.0025,61719160.0
7960,2018-06-18,39.7625,40.0975,39.5925,39.9775,18484865.0
7961,2018-06-19,39.0775,39.375,38.655,39.215,33578455.0
7962,2018-06-20,39.38,39.5925,39.225,39.4175,20628701.0
7963,2018-06-21,39.605,39.88,39.0275,39.1575,25711898.0
7964,2018-06-22,39.3225,39.33,38.9675,39.0225,27200447.0
7965,2018-06-25,38.6425,39.0225,37.975,38.335,31663096.0
7966,2018-06-26,38.54,39.425,38.4275,38.9,24569201.0
7967,2018-06-27,39.1,39.6125,38.8,38.8325,25285328.0
7968,2018-06-28,38.8175,39.345,38.7425,39.1675,17365235.0
7969,2018-06-29,39.365,39.59,38.52,39.07,22737666.0
7970,2018-07-02,38.7475,39.6175,38.6475,39.5875,17731343.0
7971,2018-07-03,39.74,39.78,38.6775,38.7725,13954806.0
7972,2018-07-05,39.1075,39.395,38.8625,39.1425,16604248.0
7973,2018-07-06,39.1475,39.9,39.0925,39.785,17485245.0
7974,2018-07-09,40.1675,40.4625,40.1175,40.4375,19756634.0
7975,2018-07-10,40.47,40.6125,40.3375,40.38,15939149.0
7976,2018-07-11,39.9175,40.2375,39.695,39.7625,18831470.0
7977,2018-07-12,40.175,40.645,40.12,40.55,18041131.0
7978,2018-07-13,40.5625,40.7525,40.5175,40.625,12519792.0
7979,2018-07-16,40.6725,40.955,40.3975,40.52,15043110.0
7980,2018-07-17,40.23,40.76,40.0925,40.655,15534523.0
7981,2018-07-18,40.7375,40.7425,40.275,40.3925,16393381.0
7982,2018-07-19,40.215,40.93,40.215,40.7625,20286752.0
7983,2018-07-20,40.7375,40.9,40.335,40.6525,20706042.0
7984,2018-07-23,40.4625,40.7825,40.1825,40.695,15989365.0
7985,2018-07-24,40.905,41.2075,40.805,41.0425,18697898.0
7986,2018-07-25,41.0575,41.505,40.9,41.4975,16826483.0
7987,2018-07-26,41.445,41.7825,41.195,41.345,19075964.0
7988,2018-07-27,41.54,41.59,40.3175,40.5375,24023972.0
7989,2018-07-30,40.7675,40.8425,40.06,40.27,21029535.0
7990,2018-07-31,40.3675,40.8275,40.1275,40.365,39373038.0
7991,2018-08-01,42.575,43.2325,42.12,43.1675,67935716.0
7992,2018-08-02,42.9375,44.8875,42.88,44.64,62404012.0
7993,2018-08-03,44.55,44.9775,44.1625,44.79,33447396.0
7994,2018-08-06,44.7925,45.105,44.56,45.06,25425387.0
7995,2018-08-07,45.1225,45.1675,44.4825,44.57,25587387.0
7996,2018-08-08,44.305,44.745,43.9225,44.605,22525487.0
7997,2018-08-09,44.6125,45.2375,44.5925,45.0125,23492626.0
7998,2018-08-10,44.815,45.25,44.6425,44.8575,24611202.0
7999,2018-08-13,44.9,45.7125,44.9,45.1925,25890880.0
8000,2018-08-14,45.515,45.615,45.04,45.4125,20748010.0
8001,2018-08-15,45.28,45.66,45.0575,45.535,28807564.0
8002,2018-08-16,45.9125,46.4275,45.8425,46.305,28500367.0
8003,2018-08-17,46.335,47.4625,46.265,47.37,35426997.0
8004,2018-08-20,47.5,47.77,46.7525,46.84,30287695.0
8005,2018-08-21,47.175,47.2725,46.4825,46.735,26159755.0
8006,2018-08-22,46.5,47.065,46.435,46.7375,19018131.0
8007,2018-08-23,46.6375,47.2375,46.625,46.8475,18883224.0
8008,2018-08-24,47.125,47.2,46.7525,47.015,18476356.0
8009,2018-08-27,47.2625,47.66,47.0575,47.46,20525117.0
8010,2018-08-28,47.7275,48.11,47.705,47.9,22776766.0
8011,2018-08-29,48.0125,48.8475,47.8275,48.72,27254804.0
8012,2018-08-30,48.7875,50.04,48.575,49.2325,48793824.0
8013,2018-08-31,49.635,50.1925,49.475,49.8825,43340134.0
8014,2018-09-04,50.0775,50.27,49.6325,50.065,27390132.0
8015,2018-09-05,50.2225,50.3925,49.25,49.6925,33332960.0
8016,2018-09-06,49.5325,49.8125,48.3,48.75,34289976.0
8017,2018-09-07,48.4375,49.3175,48.1525,48.3,37619810.0
8018,2018-09-10,48.2125,48.4375,47.0925,47.5575,39516453.0
8019,2018-09-11,47.4775,49.05,47.115,48.9375,35749049.0
8020,2018-09-12,49.21,49.225,47.935,48.2425,49278740.0
8021,2018-09-13,48.855,50.0625,48.6175,49.5775,41706377.0
8022,2018-09-14,49.4125,49.685,48.605,48.935,31999289.0
8023,2018-09-17,48.5125,48.7125,47.2925,47.445,37195133.0
8024,2018-09-18,47.4225,48.4375,47.255,47.535,31571712.0
8025,2018-09-19,47.6,47.88,46.8,47.5675,27123833.0
8026,2018-09-20,48.035,48.545,47.7625,47.9825,26608794.0
8027,2018-09-21,48.17,48.315,47.2975,47.39,96246748.0
8028,2018-09-24,47.18,48.29,47.1325,48.1725,27693358.0
8029,2018-09-25,47.9125,48.68,47.9,48.5225,24554379.0
8030,2018-09-26,48.225,48.9125,47.915,48.08,23984706.0
8031,2018-09-27,48.93,49.585,48.86,49.2125,30181227.0
8032,2018-09-28,49.1725,49.435,48.98,49.41,22929364.0
8033,2018-10-01,49.9625,50.33,49.5625,49.79,23600802.0
8034,2018-10-02,49.7875,50.475,49.6325,50.295,24788170.0
8035,2018-10-03,50.4875,51.3425,50.42,50.9925,28654799.0
8036,2018-10-04,50.67,51.0625,49.6575,49.9725,32042000.0
8037,2018-10-05,49.965,50.0775,48.12,49.0475,33580463.0
8038,2018-10-08,48.5275,49.175,48.025,48.9175,29663923.0
8039,2018-10-09,48.885,49.7925,48.5375,49.6925,26891029.0
8040,2018-10-10,49.34,49.5625,46.9875,47.065,41990554.0
8041,2018-10-11,46.605,47.85,46.055,46.5875,53124392.0
8042,2018-10-12,48.08,48.695,47.185,48.5025,40337851.0
8043,2018-10-15,48.265,48.4325,47.2925,47.315,30791007.0
8044,2018-10-16,47.7075,48.7225,47.165,48.5125,29183963.0
8045,2018-10-17,48.55,48.635,47.81,48.2725,22885397.0
8046,2018-10-18,47.44,47.91,46.225,46.98,32581315.0
8047,2018-10-19,47.49,48.29,47.3325,47.8025,33078726.0
8048,2018-10-22,47.9225,48.815,47.71,48.1375,28792082.0
8049,2018-10-23,46.9325,48.7875,46.65,48.6575,38767846.0
8050,2018-10-24,48.625,49.0325,46.61,46.7475,40925163.0
8051,2018-10-25,47.4025,48.32,47.1625,47.925,29855768.0
8052,2018-10-26,46.95,48.0225,46.1425,47.05,47258375.0
8053,2018-10-29,47.7725,47.8975,44.4975,46.035,45935520.0
8054,2018-10-30,45.7625,46.77,45.2925,46.3,36659990.0
8055,2018-10-31,47.195,48.0875,47.13,47.69,38358933.0
8056,2018-11-01,47.7375,48.565,47.1775,48.53,58323180.0
8057,2018-11-02,45.3625,46.3875,44.3325,44.845,91328654.0
8058,2018-11-05,44.05,44.0725,42.5175,43.3725,66163669.0
8059,2018-11-06,43.455,44.155,43.3975,43.9175,31882881.0
8060,2018-11-07,44.4675,45.49,44.0075,45.4625,33424434.0
8061,2018-11-08,45.6525,45.6875,44.845,45.28,25362636.0
8062,2018-11-09,44.545,44.66,43.72,44.275,34365750.0
8063,2018-11-12,42.9075,43.12,41.605,41.7,51135518.0
8064,2018-11-13,41.065,42.4525,41.02,41.215,46882936.0
8065,2018-11-14,41.6325,41.7775,39.64,39.8575,60800957.0
8066,2018-11-15,40.255,41.15,39.8825,41.01,46478801.0
8067,2018-11-16,40.7825,41.9,40.5225,41.54,36928253.0
8068,2018-11-19,40.6575,40.8325,39.405,39.6225,41920872.0
8069,2018-11-20,37.75,38.525,37.035,37.4025,67825247.0
8070,2018-11-21,38.09,38.225,37.295,37.3525,31124210.0
8071,2018-11-23,36.8925,37.3075,36.1825,36.23,23623972.0
8072,2018-11-26,36.7175,36.895,35.7225,36.8125,44998520.0
8073,2018-11-27,36.035,36.85,35.8775,36.7175,41387377.0
8074,2018-11-28,37.34,38.48,36.89,38.3925,46062539.0
8075,2018-11-29,38.8225,38.8575,37.5825,38.045,41769992.0
8076,2018-11-30,38.23,38.24,37.415,37.8025,39531549.0
8077,2018-12-03,39.2725,39.3925,38.46,39.3625,40798002.0
8078,2018-12-04,38.395,38.755,37.225,37.33,41344282.0
8079,2018-12-06,36.0975,36.8525,35.7625,36.8375,43098410.0
8080,2018-12-07,36.53,36.78,35.2325,35.28,42281631.0
8081,2018-12-10,34.4075,35.68,33.99,35.5575,62025994.0
8082,2018-12-11,36.0725,36.105,34.9075,35.315,47281665.0
8083,2018-12-12,35.7575,36.1375,35.4125,35.4325,35627674.0
8084,2018-12-13,35.78,36.3,35.545,35.895,31897827.0
8085,2018-12-14,35.4075,35.4275,34.4775,34.5275,40703710.0
8086,2018-12-17,34.52,35.245,33.84,34.1425,44287922.0
8087,2018-12-18,34.5025,35.04,34.255,34.675,33841518.0
8088,2018-12-19,34.6575,35.02,32.93,33.38,49047297.0
8089,2018-12-20,33.2575,33.685,31.9825,32.365,64772960.0
8090,2018-12-21,32.3725,32.6975,30.565,30.84,95744384.0
8091,2018-12-24,30.195,31.045,29.805,29.865,37169232.0
8092,2018-12-26,30.2325,32.465,29.8375,32.45,58582544.0
8093,2018-12-27,32.1175,32.35,30.675,32.195,53117065.0
8094,2018-12-28,32.5325,32.7875,31.795,32.215,42291424.0
8095,2018-12-31,32.79,32.995,32.285,32.5925,35003466.0
8096,2019-01-02,31.88,32.87,31.715,32.6375,37039737.0
8097,2019-01-03,29.1525,29.5875,28.6575,28.705,91312195.0
8098,2019-01-04,29.29,30.295,29.1075,30.2225,58607070.0
8099,2019-01-07,30.3325,30.365,29.6325,30.14,54777764.0
8100,2019-01-08,30.5475,31.1125,30.2875,30.845,41025314.0
8101,2019-01-09,30.98,31.79,30.565,31.485,45099081.0
8102,2019-01-10,31.2825,31.65,30.8725,31.6075,35780670.0
8103,2019-01-11,31.3775,31.5825,31.035,31.23,27023241.0
8104,2019-01-14,30.87,30.975,30.4625,30.6575,32439186.0
8105,2019-01-15,30.725,31.505,30.67,31.425,28710324.0
8106,2019-01-16,31.4275,32.1275,31.4075,31.8925,30569706.0
8107,2019-01-17,31.7075,32.5725,31.4725,32.1225,29821160.0
8108,2019-01-18,32.5575,32.625,32.1525,32.3625,33751023.0
8109,2019-01-22,32.26,32.34,31.3125,31.4825,30393970.0
8110,2019-01-23,31.695,31.9425,31.0825,31.6375,23130570.0
8111,2019-01-24,31.685,31.7775,31.0925,31.3325,25441549.0
8112,2019-01-25,32.0275,32.69,31.7375,32.5975,33547893.0
8113,2019-01-28,32.105,32.24,31.5725,32.2325,26192058.0
8114,2019-01-29,32.22,32.69,31.685,31.8275,41587239.0
8115,2019-01-30,33.97,34.695,33.215,34.47,61109780.0
8116,2019-01-31,34.685,35.4075,34.2975,34.7675,40739649.0
8117,2019-02-01,34.8975,35.4025,34.64,34.7875,32668138.0
8118,2019-02-04,35.01,36.0725,34.9775,35.97,31495582.0
8119,2019-02-05,36.3725,36.9275,36.245,36.7025,36101628.0
8120,2019-02-06,36.82,37.05,36.37,36.7175,28239591.0
8121,2019-02-07,36.2575,36.6425,35.7425,35.8925,31741690.0
8122,2019-02-08,35.5875,36.005,35.445,35.9425,23819966.0
8123,2019-02-11,36.1025,36.1425,35.6525,35.6975,20993425.0
8124,2019-02-12,35.865,36.09,35.765,36.0625,22283523.0
8125,2019-02-13,36.1875,36.46,35.82,35.885,22490233.0
8126,2019-02-14,35.7675,36.155,35.685,36.04,21835747.0
8127,2019-02-15,36.1525,36.265,35.7775,35.945,24626814.0
8128,2019-02-19,35.7675,36.2,35.7125,36.0725,18972826.0
8129,2019-02-20,36.1375,36.67,36.0875,36.3475,26114362.0
8130,2019-02-21,36.29,36.4325,35.915,36.105,17249670.0
8131,2019-02-22,36.235,36.59,36.185,36.5825,18913154.0
8132,2019-02-25,36.88,37.3075,36.8275,36.8975,21873358.0
8133,2019-02-26,36.7675,37.165,36.6325,36.9225,17070211.0
8134,2019-02-27,36.6425,37.09,36.5225,37.0575,27835389.0
8135,2019-02-28,36.92,37.0675,36.57,36.6275,28215416.0
8136,2019-03-01,36.91,37.1275,36.5625,37.0825,25886167.0
8137,2019-03-04,37.2625,37.7775,36.8325,37.3025,27436203.0
8138,2019-03-05,37.325,37.34,36.975,37.2225,19737419.0
8139,2019-03-06,37.0075,37.2125,36.825,36.97,20810384.0
8140,2019-03-07,36.8075,36.95,36.345,36.465,24796374.0
8141,2019-03-08,35.92,36.6075,35.715,36.5675,23999358.0
8142,2019-03-11,37.2125,38.12,37.1775,38.065,32011034.0
8143,2019-03-12,38.34,39.0075,38.1825,38.5675,32467584.0
8144,2019-03-13,38.9025,39.165,38.57,38.7675,31032524.0
8145,2019-03-14,39.315,39.365,38.98,39.2725,23579508.0
8146,2019-03-15,39.5525,40.1725,39.275,39.87,39042912.0
8147,2019-03-18,39.79,40.4375,39.7875,40.345,26219832.0
8148,2019-03-19,40.4275,40.5875,39.82,39.9725,31646369.0
8149,2019-03-20,39.8975,40.7125,39.5225,40.38,31035231.0
8150,2019-03-21,40.845,42.4225,40.7925,42.1125,51034237.0
8151,2019-03-22,42.175,42.7625,41.035,41.1025,42407666.0
8152,2019-03-25,41.2175,41.335,39.99,40.525,43845293.0
8153,2019-03-26,41.255,41.56,39.485,40.0375,49800538.0
8154,2019-03-27,40.5275,40.78,39.9775,40.4575,29848427.0
8155,2019-03-28,40.5775,40.73,40.2225,40.52,20780363.0
8156,2019-03-29,40.7975,40.86,40.475,40.8275,23563961.0
8157,2019-04-01,41.25,41.26,40.435,41.15,27861964.0
8158,2019-04-02,41.1125,41.955,41.1025,41.845,22765732.0
8159,2019-04-03,41.6525,42.465,41.6275,42.1775,23271830.0
8160,2019-04-04,42.0375,42.4325,41.625,42.2625,19114275.0
8161,2019-04-05,42.4525,42.615,42.3225,42.59,18526644.0
8162,2019-04-08,42.445,43.3975,42.425,43.365,25881697.0
8163,2019-04-09,43.42,44.0525,43.1475,43.215,35768237.0
8164,2019-04-10,43.01,43.525,42.885,43.495,21695288.0
8165,2019-04-11,43.5525,43.59,42.95,43.0775,20900808.0
8166,2019-04-12,43.14,43.375,42.3925,43.0575,27760668.0
8167,2019-04-15,42.985,43.3025,42.8425,43.1475,17536646.0
8168,2019-04-16,43.205,43.6825,42.98,43.1525,25696385.0
8169,2019-04-17,43.225,44.185,42.9925,44.1225,28906780.0
8170,2019-04-18,44.2025,44.3775,43.97,44.305,24195766.0
8171,2019-04-22,44.0475,44.575,43.925,44.4725,19439545.0
8172,2019-04-23,44.4475,45.2775,44.315,45.21,23322991.0
8173,2019-04-24,45.18,45.46,45.1025,45.13,17540609.0
8174,2019-04-25,45.0475,45.28,44.62,44.66,18543206.0
8175,2019-04-26,44.565,44.59,43.87,44.415,18649102.0
8176,2019-04-29,44.44,44.8325,44.305,44.4925,22204716.0
8177,2019-04-30,44.105,44.19,43.1175,43.5075,46534923.0
8178,2019-05-01,45.81,47.1675,45.6475,45.97,64827328.0
8179,2019-05-02,45.8,46.5025,45.3725,45.6275,31996324.0
8180,2019-05-03,46.0625,46.3,45.8975,46.2775,20892378.0
8181,2019-05-06,44.4125,45.55,44.215,45.46,32443113.0
8182,2019-05-07,44.81,45.195,43.5475,44.055,38763698.0
8183,2019-05-08,43.815,44.675,43.7775,44.065,26339504.0
8184,2019-05-09,43.44,43.76,42.505,43.52,34908607.0
8185,2019-05-10,42.8875,43.245,41.725,42.8275,41208712.0
8186,2019-05-13,40.46,40.9025,39.245,39.9625,57430623.0
8187,2019-05-14,40.135,40.9575,39.885,40.6975,36529677.0
8188,2019-05-15,40.1,41.47,40.0375,41.2625,26544718.0
8189,2019-05-16,41.01,41.65,40.7425,41.0525,33031364.0
8190,2019-05-17,40.265,41.2575,40.2225,40.7825,32879090.0
8191,2019-05-20,39.4125,39.62,38.6025,39.305,38612290.0
8192,2019-05-21,39.8375,40.5325,39.7075,40.1825,28364848.0
8193,2019-05-22,39.6975,39.96,39.17,39.2275,29748556.0
8194,2019-05-23,38.4825,38.6675,37.985,38.4475,36529736.0
8195,2019-05-24,38.5825,39.065,38.1875,38.275,23714686.0
8196,2019-05-28,38.2625,38.68,38.01,38.09,27948160.0
8197,2019-05-29,37.6375,38.37,37.5325,37.8775,28481165.0
8198,2019-05-30,38.02,38.34,37.7,38.1075,21218412.0
8199,2019-05-31,37.59,38.03,37.28,37.3,27043584.0
8200,2019-06-03,37.4325,38.0125,36.1,36.8575,40396069.0
8201,2019-06-04,37.3925,38.49,37.1625,38.4425,30967961.0
8202,2019-06-05,39.6025,39.78,38.8175,39.1675,29773427.0
8203,2019-06-06,39.3025,39.9,39.07,39.8375,22526311.0
8204,2019-06-07,40.16,41.5125,39.975,41.07,30684393.0
8205,2019-06-10,41.485,42.375,41.4375,41.6775,26220851.0
8206,2019-06-11,42.2475,42.5325,41.9325,42.235,26932882.0
8207,2019-06-12,42.02,42.525,41.88,42.08,18253189.0
8208,2019-06-13,42.2075,42.73,41.9325,42.07,21674625.0
8209,2019-06-14,41.42,41.93,41.1075,41.7175,18761474.0
8210,2019-06-17,41.7575,42.2725,41.575,42.005,14669144.0
8211,2019-06-18,42.545,43.605,42.335,43.145,26551004.0
8212,2019-06-19,43.4525,43.5025,42.86,43.0,21124235.0
8213,2019-06-20,43.625,43.685,43.04,43.3975,21513988.0
8214,2019-06-21,43.2325,43.745,43.07,43.2275,47800589.0
8215,2019-06-24,43.1675,43.5725,43.075,43.1775,18220421.0
8216,2019-06-25,43.14,43.3475,42.355,42.425,21070334.0
8217,2019-06-26,42.975,43.78,42.87,43.4825,26067512.0
8218,2019-06-27,43.605,43.925,43.425,43.4675,20899717.0
8219,2019-06-28,43.2025,43.4075,42.795,43.0125,31110642.0
8220,2019-07-01,44.325,44.655,43.695,43.92,27316739.0
8221,2019-07-02,43.885,44.315,43.8725,44.215,16935217.0
8222,2019-07-03,44.3525,44.6425,44.205,44.635,11362045.0
8223,2019-07-05,44.37,44.8025,44.2575,44.59,17265518.0
8224,2019-07-08,43.735,43.8825,43.135,43.5375,25338628.0
8225,2019-07-09,43.3325,43.91,43.235,43.8425,20578015.0
8226,2019-07-10,43.995,44.465,43.9225,44.34,17897138.0
8227,2019-07-11,44.36,44.63,43.96,43.97,20191842.0
8228,2019-07-12,44.145,44.5325,44.0825,44.3575,17595212.0
8229,2019-07-15,44.555,45.0,44.5325,44.835,16947420.0
8230,2019-07-16,44.68,45.06,44.4075,44.6575,16866816.0
8231,2019-07-17,44.545,44.805,44.35,44.37,14107450.0
8232,2019-07-18,44.5325,45.0025,44.4575,44.9475,18582161.0
8233,2019-07-19,44.98,45.1575,44.1225,44.18,20929307.0
8234,2019-07-22,44.445,45.34,44.435,45.3375,22277932.0
8235,2019-07-23,45.6475,45.76,45.355,45.7425,18355210.0
8236,2019-07-24,45.45,45.82,45.325,45.7,14991567.0
8237,2019-07-25,45.755,45.8425,45.215,45.2875,13909562.0
8238,2019-07-26,45.4025,45.965,45.3175,45.4675,17618874.0
8239,2019-07-29,45.6475,46.1925,45.6425,45.9525,21673389.0
8240,2019-07-30,45.7225,46.0725,45.36,45.7275,33935718.0
8241,2019-07-31,47.6375,48.875,46.3575,46.7925,69281361.0
8242,2019-08-01,47.0075,48.04,45.2175,45.64,54017922.0
8243,2019-08-02,44.915,45.14,43.94,44.5375,40862122.0
8244,2019-08-05,43.03,43.195,41.6775,41.8675,52392969.0
8245,2019-08-06,42.61,43.05,42.0425,42.7825,35824787.0
8246,2019-08-07,42.385,43.4225,41.9875,43.2925,33364400.0
8247,2019-08-08,43.5825,44.415,43.38,44.39,27009523.0
8248,2019-08-09,44.05,44.415,43.5475,43.9725,24619746.0
8249,2019-08-12,43.63,44.2375,43.5125,43.845,22481889.0
8250,2019-08-13,43.98,46.76,43.9325,45.9675,47539786.0
8251,2019-08-14,44.515,45.335,44.3725,44.4125,36547443.0
8252,2019-08-15,44.59,45.01,43.6425,44.16,27883363.0
8253,2019-08-16,44.795,45.515,44.685,45.35,28813624.0
8254,2019-08-19,46.38,46.9075,46.2325,46.3125,24431915.0
8255,2019-08-20,46.445,47.0625,46.305,46.315,26919529.0
8256,2019-08-21,46.9725,47.1375,46.625,46.885,21564747.0
8257,2019-08-22,47.0225,47.335,46.4125,46.84,22267819.0
8258,2019-08-23,46.0825,46.7375,43.975,44.385,46882843.0
8259,2019-08-26,45.19,45.5225,44.99,45.3475,26066130.0
8260,2019-08-27,45.69,45.8625,44.6075,44.765,25897344.0
8261,2019-08-28,44.75,45.155,44.555,45.1075,15957632.0
8262,2019-08-29,45.85,46.055,45.39,45.9775,21007652.0
8263,2019-08-30,46.265,46.3375,45.525,45.91,21162561.0
8264,2019-09-03,45.3325,45.47,44.78,45.15,20059574.0
8265,2019-09-04,45.8225,46.095,45.555,46.0225,19216820.0
8266,2019-09-05,46.725,47.2175,46.6025,47.045,23946984.0
8267,2019-09-06,47.2375,47.33,46.8525,47.04,19362294.0
8268,2019-09-09,47.435,47.835,46.4925,47.2675,27309401.0
8269,2019-09-10,47.19,47.92,46.6525,47.9,31777931.0
8270,2019-09-11,48.2425,49.6525,48.1575,49.6225,44289646.0
8271,2019-09-12,49.925,50.33,49.44,49.4975,32226669.0
8272,2019-09-13,48.725,48.9225,47.98,48.4125,39763296.0
8273,2019-09-16,48.1575,48.7575,48.115,48.7,21158141.0
8274,2019-09-17,48.715,48.93,48.505,48.9,18386468.0
8275,2019-09-18,48.99,49.4375,48.585,49.4175,25643093.0
8276,2019-09-19,49.2275,49.665,48.8175,48.965,22187876.0
8277,2019-09-20,49.07,49.365,48.0925,48.1575,57977094.0
8278,2019-09-23,48.4625,48.685,48.1375,48.405,19419648.0
8279,2019-09-24,48.9825,49.3475,48.0225,48.145,31434367.0
8280,2019-09-25,48.3625,49.1,48.01,48.9825,22481006.0
8281,2019-09-26,48.725,48.96,48.4325,48.6975,19088312.0
8282,2019-09-27,48.86,48.965,48.045,48.43,25361285.0
8283,2019-09-30,48.95,49.87,48.9225,49.7175,26318583.0
8284,2019-10-01,49.9925,50.78,49.775,49.8725,36187163.0
8285,2019-10-02,49.49,49.62,48.2075,48.465,35767257.0
8286,2019-10-03,48.3325,48.965,47.5075,48.93,30352686.0
8287,2019-10-04,50.135,50.5975,49.6975,50.4775,34755553.0
8288,2019-10-07,50.2925,51.2075,50.185,50.49,30889269.0
8289,2019-10-08,50.18,50.74,49.8075,49.825,29282700.0
8290,2019-10-09,50.4825,50.6725,50.135,50.4825,19029424.0
8291,2019-10-10,50.7075,51.335,50.55,51.2475,28962984.0
8292,2019-10-11,51.9625,53.135,51.8025,52.7775,41990210.0
8293,2019-10-14,52.45,53.2575,52.3925,52.6925,24413484.0
8294,2019-10-15,52.8225,53.1375,52.445,52.555,23040483.0
8295,2019-10-16,52.0675,52.535,52.025,52.3175,19286694.0
8296,2019-10-17,52.4975,52.7625,52.105,52.545,17272897.0
8297,2019-10-18,52.3725,53.12,52.2975,52.8275,24377166.0
8298,2019-10-21,53.105,53.9725,53.055,53.8525,22367483.0
8299,2019-10-22,54.015,54.275,53.63,53.715,22684001.0
8300,2019-10-23,54.25,54.535,54.03,54.52,19932545.0
8301,2019-10-24,54.8525,54.925,54.1775,54.62,17916255.0
8302,2019-10-25,54.515,55.4075,54.445,55.37,18369296.0
8303,2019-10-28,55.58,56.0375,55.405,55.9875,24143241.0
8304,2019-10-29,55.9675,56.1625,54.3675,54.5475,35709867.0
8305,2019-10-30,54.915,55.05,54.0275,54.54,31130522.0
8306,2019-10-31,55.535,56.0175,53.04,55.915,34790520.0
8307,2019-11-01,56.11,57.7075,56.015,57.68,37781334.0
8308,2019-11-04,58.0575,58.1875,57.57,58.1,25817952.0
8309,2019-11-05,57.9875,58.2725,57.805,58.0075,19974427.0
8310,2019-11-06,57.9175,58.0975,57.5675,58.035,18966124.0
8311,2019-11-07,58.6025,59.005,58.445,58.775,23735083.0
8312,2019-11-08,58.59,59.0275,58.13,58.9525,17520495.0
8313,2019-11-11,58.4925,59.535,58.4875,59.4675,20507459.0
8314,2019-11-12,59.305,59.615,59.1475,59.4075,21847226.0
8315,2019-11-13,59.2,60.1125,59.185,60.035,25817593.0
8316,2019-11-14,59.855,60.1375,59.4425,59.5775,22395556.0
8317,2019-11-15,59.8375,60.3625,59.67,60.3575,25093666.0
8318,2019-11-18,60.3675,60.775,59.975,60.6925,21700897.0
8319,2019-11-19,60.8925,60.9175,60.265,60.49,19069597.0
8320,2019-11-20,60.3025,60.4375,59.0175,59.715,26609919.0
8321,2019-11-21,59.84,59.92,59.2125,59.42,30348778.0
8322,2019-11-22,59.565,59.7125,59.1275,59.3625,16331263.0
8323,2019-11-25,59.595,60.5275,59.5475,60.51,21029517.0
8324,2019-11-26,60.6525,60.7075,59.5425,59.99,26334882.0
8325,2019-11-27,60.3125,60.9125,60.245,60.8775,16386122.0
8326,2019-11-29,60.5675,60.9175,60.3925,60.73,11654363.0
8327,2019-12-02,60.735,60.98,59.78,59.9575,23693550.0
8328,2019-12-03,58.495,58.8,57.99,58.78,29377268.0
8329,2019-12-04,59.185,59.745,59.0875,59.3525,16810388.0
8330,2019-12-05,59.865,60.39,59.6,60.3125,18661343.0
8331,2019-12-06,60.7875,61.6675,60.7425,61.595,26547493.0
8332,2019-12-09,61.4175,61.6175,60.145,60.6475,32182645.0
8333,2019-12-10,61.0675,61.435,60.3825,61.0375,22632383.0
8334,2019-12-11,61.12,61.6925,61.0425,61.61,19723391.0
8335,2019-12-12,60.8625,62.0575,60.7475,61.7825,34437042.0
8336,2019-12-13,61.7825,62.7425,61.65,62.705,33432806.0
8337,2019-12-16,63.1675,64.115,63.1625,63.8825,32081105.0
8338,2019-12-17,63.81,64.36,63.6175,64.02,28575798.0
8339,2019-12-18,63.8675,64.3925,63.6975,63.8525,29024687.0
8340,2019-12-19,63.7925,64.2125,63.655,63.9225,24626947.0
8341,2019-12-20,64.475,64.58,63.5575,63.7775,69032743.0
8342,2019-12-23,64.05,64.98,64.01,64.9175,24677883.0
8343,2019-12-24,65.09,65.14,64.6475,64.985,12119714.0
8344,2019-12-26,65.1225,66.4125,65.0925,66.395,23334004.0
8345,2019-12-27,66.6975,67.41,65.9475,66.3675,36592936.0
8346,2019-12-30,66.2825,67.09,65.2225,66.7975,36059614.0
8347,2019-12-31,66.4,67.3375,66.2975,67.33,25247625.0
8348,2020-01-02,67.9775,69.0675,67.715,69.005,33911864.0
8349,2020-01-03,68.205,69.0625,68.0425,68.275,36633878.0
8350,2020-01-06,67.365,68.9075,67.105,68.8675,29644644.0
8351,2020-01-07,68.8775,69.1425,68.2875,68.515,27877655.0
8352,2020-01-08,68.2075,70.0275,68.2075,69.715,33090946.0
8353,2020-01-09,70.7275,71.525,70.4675,71.325,42621542.0
8354,2020-01-10,71.5675,72.085,70.98,71.5,35217272.0
8355,2020-01-13,71.8275,73.185,71.705,73.1575,30521722.0
8356,2020-01-14,73.0925,73.31,71.96,72.0875,40653457.0
8357,2020-01-15,71.88,72.7925,71.305,71.7525,30480882.0
8358,2020-01-16,72.315,72.8425,71.94,72.7275,27207254.0
8359,2020-01-17,72.985,73.6025,72.6675,73.6,34454117.0
8360,2020-01-21,73.215,73.6725,72.9175,73.06,27710814.0
8361,2020-01-22,73.5625,73.915,73.245,73.3425,25458115.0
8362,2020-01-23,73.3975,73.8075,72.83,73.725,26117993.0
8363,2020-01-24,73.98,74.75,73.2975,73.495,36634380.0
8364,2020-01-27,71.4325,71.86,70.1375,71.155,40485005.0
8365,2020-01-28,72.0675,73.5175,71.965,73.34,40558486.0
8366,2020-01-29,75.03,75.88,74.2625,75.0025,54149928.0
8367,2020-01-30,74.0525,74.94,73.605,74.885,31685808.0
8368,2020-01-31,74.15,74.5875,70.99,71.295,49897096.0
8369,2020-02-03,69.9925,72.29,69.4725,71.0825,43496401.0
8370,2020-02-04,72.745,73.8275,72.325,73.63,34154134.0
8371,2020-02-05,74.7975,75.1075,73.655,74.28,29706718.0
8372,2020-02-06,74.56,75.2225,73.9825,75.22,26356385.0
8373,2020-02-07,74.7025,74.96,73.61,74.1175,29421012.0
8374,2020-02-10,72.655,74.4975,72.5725,74.4975,27337215.0
8375,2020-02-11,75.01,75.085,73.7875,74.0125,23580780.0
8376,2020-02-12,74.4775,75.915,74.4775,75.91,28432573.0
8377,2020-02-13,75.1575,75.665,74.9475,75.3275,23686892.0
8378,2020-02-14,75.295,75.605,74.8225,75.3475,20028447.0
8379,2020-02-18,72.95,74.0475,72.7625,73.86,38190545.0
8380,2020-02-19,74.11,75.2525,74.11,75.015,23495991.0
8381,2020-02-20,74.7675,75.2725,73.6625,74.185,25141489.0
8382,2020-02-21,73.765,74.2225,71.735,72.3725,32426415.0
8383,2020-02-24,68.425,70.155,66.4175,68.655,55548828.0
8384,2020-02-25,69.3475,69.7425,65.6425,66.13,57668364.0
8385,2020-02-26,65.7425,68.58,65.735,67.2725,49678431.0
8386,2020-02-27,64.385,65.61,62.35,62.49,80151381.0
8387,2020-02-28,58.425,63.7125,58.2025,62.45,106721230.0
8388,2020-03-02,64.68,69.47,63.54,68.8125,85349339.0
8389,2020-03-03,70.0275,70.11,65.56,66.44,79868852.0
8390,2020-03-04,68.22,69.96,67.3925,69.795,54794568.0
8391,2020-03-05,67.99,68.9975,66.9625,67.34,46893219.0
8392,2020-03-06,64.61,66.815,64.4175,66.3675,56544246.0
8393,2020-03-09,60.0475,63.6325,59.86,60.6525,71686208.0
8394,2020-03-10,63.395,65.72,61.4525,65.445,71322520.0
8395,2020-03-11,63.4575,64.415,62.075,62.9675,64094970.0
8396,2020-03-12,58.095,61.61,56.11,56.1675,104618517.0
8397,2020-03-13,60.3325,64.09,57.3475,63.6025,92683032.0
8398,2020-03-16,54.5975,58.88,54.11,54.6625,80605865.0
8399,2020-03-17,55.9875,58.5125,53.71,57.325,81013965.0
8400,2020-03-18,54.0525,56.61,53.39,55.7775,75058406.0
8401,2020-03-19,55.9575,57.32,54.7625,55.305,67964255.0
8402,2020-03-20,55.905,57.0675,51.11,51.42,100423346.0
8403,2020-03-23,51.13,51.235,47.2625,50.2025,84188208.0
8404,2020-03-24,53.2,56.0325,52.685,55.83,71882773.0
8405,2020-03-25,56.7975,58.6725,55.185,55.49,75900510.0
8406,2020-03-26,55.74,58.78,55.7,58.72,63140169.0
8407,2020-03-27,57.2975,58.0775,55.8725,56.045,51054153.0
8408,2020-03-30,56.795,57.99,56.46,57.8125,41994110.0
8409,2020-03-31,58.01,59.7325,57.11,57.6825,49250501.0
8410,2020-04-01,55.735,56.29,53.8925,54.3375,44054638.0
8411,2020-04-02,54.195,55.3975,53.335,55.3425,41483493.0
8412,2020-04-03,54.81,55.535,53.8525,54.4625,32470017.0
8413,2020-04-06,56.835,59.8875,56.455,59.7275,50455071.0
8414,2020-04-07,61.81,62.035,58.86,58.9675,50721831.0
8415,2020-04-08,59.795,60.9525,59.4175,60.6275,42223821.0
8416,2020-04-09,61.285,61.6275,60.285,61.1075,40529123.0
8417,2020-04-13,61.1875,62.535,60.5675,62.4225,32755731.0
8418,2020-04-14,64.11,66.1725,63.6225,65.8725,48748672.0
8419,2020-04-15,64.71,65.6925,64.2675,65.2175,32788641.0
8420,2020-04-16,65.955,66.16,64.6975,65.7825,39281290.0
8421,2020-04-17,65.2825,65.8475,63.325,64.81,53812478.0
8422,2020-04-20,63.5975,64.53,63.3225,63.3425,32503750.0
8423,2020-04-21,63.18,63.4225,60.4675,61.2025,45247893.0
8424,2020-04-22,62.5125,63.585,62.16,63.135,29264342.0
8425,2020-04-23,63.0775,64.5475,62.8275,62.8675,31203582.0
8426,2020-04-24,63.41,64.8625,63.36,64.8525,31627183.0
8427,2020-04-27,64.56,65.245,64.0975,64.9025,29271893.0
8428,2020-04-28,65.38,65.5675,63.66,63.755,28001187.0
8429,2020-04-29,65.2925,66.5275,65.0825,66.0425,34320204.0
8430,2020-04-30,66.6,67.7425,66.1975,67.56,45765968.0
8431,2020-05-01,65.6725,68.86,65.5725,66.3775,60154175.0
8432,2020-05-04,66.4025,67.5325,65.69,67.4,33391986.0
8433,2020-05-05,67.875,69.36,67.725,68.5,36937795.0
8434,2020-05-06,69.225,69.92,68.8275,69.2675,35583438.0
8435,2020-05-07,69.915,70.4025,69.6025,70.045,28803764.0
8436,2020-05-08,70.725,71.9025,70.3875,71.8475,33511985.0
8437,2020-05-11,71.34,73.5775,71.125,73.0675,36486561.0
8438,2020-05-12,73.7725,74.2375,72.0425,72.1675,40575263.0
8439,2020-05-13,72.3525,73.3025,70.1175,71.2275,50155639.0
8440,2020-05-14,70.4425,71.7625,69.6975,71.7,39732269.0
8441,2020-05-15,69.4025,71.29,69.3675,71.2425,41587094.0
8442,2020-05-18,72.6075,73.44,71.895,73.055,33843125.0
8443,2020-05-19,73.0725,73.945,72.5675,72.6,25432385.0
8444,2020-05-20,73.485,74.195,73.365,74.1225,27876215.0
8445,2020-05-21,73.98,74.5375,73.2825,73.5275,25672211.0
8446,2020-05-22,73.2575,74.1225,73.1525,74.0375,20450754.0
8447,2020-05-26,75.19,75.375,73.44,73.4975,31380454.0
8448,2020-05-27,73.35,73.9925,72.5875,73.8425,28236274.0
8449,2020-05-28,73.5075,75.175,73.2225,73.8775,33449103.0
8450,2020-05-29,74.1275,74.6025,73.4325,73.8,38399532.0
8451,2020-06-01,73.7525,74.9025,73.6175,74.7775,20254653.0
8452,2020-06-02,74.5025,75.175,74.0475,75.15,21910704.0
8453,2020-06-03,75.48,75.865,74.89,75.595,26122804.0
8454,2020-06-04,75.4125,75.72,74.51,74.895,21890091.0
8455,2020-06-05,75.1525,77.2525,75.1225,77.19,34312550.0
8456,2020-06-08,76.8775,77.715,76.145,77.68,23913634.0
8457,2020-06-09,77.35,80.7175,77.3175,80.3125,36928091.0
8458,2020-06-10,81.29,83.0075,80.8375,82.525,41662938.0
8459,2020-06-11,81.6425,82.08,78.185,78.29,50415613.0
8460,2020-06-12,80.495,81.265,77.87,79.015,50036513.0
8461,2020-06-15,77.6275,80.735,77.46,80.0625,34702230.0
8462,2020-06-16,82.18,82.615,80.495,82.335,41357182.0
8463,2020-06-17,83.1025,83.165,82.0875,82.2125,28601626.0
8464,2020-06-18,82.1675,82.6775,81.62,82.2475,24205096.0
8465,2020-06-19,82.975,83.455,80.6025,81.745,66118952.0
8466,2020-06-22,82.15,84.18,82.1025,84.0325,33861316.0
8467,2020-06-23,85.315,87.41,84.8825,85.9475,53038869.0
8468,2020-06-24,85.565,86.5125,83.945,84.33,48155849.0
8469,2020-06-25,84.49,85.565,83.7075,85.525,34380628.0
8470,2020-06-26,85.4175,85.645,82.57,82.7225,51314211.0
8471,2020-06-29,82.6275,84.8575,82.135,84.76,32661519.0
8472,2020-06-30,84.335,85.81,84.315,85.515,35055821.0
8473,2020-07-01,85.595,86.155,85.2925,85.3425,27684309.0
8474,2020-07-02,86.2775,86.9325,85.225,85.3425,28510367.0
8475,2020-07-06,86.815,88.26,86.7825,87.7775,29663913.0
8476,2020-07-07,88.1675,88.97,87.3725,87.4875,28106114.0
8477,2020-07-08,88.495,89.69,88.405,89.6575,29272970.0
8478,2020-07-09,90.5775,90.6325,88.9875,89.9975,31410652.0
8479,2020-07-10,89.65,90.295,89.02,90.235,22564330.0
8480,2020-07-13,91.58,94.27,89.5725,89.7925,47912285.0
8481,2020-07-14,89.155,91.57,88.1925,91.3725,42747341.0
8482,2020-07-15,93.305,93.5625,90.805,92.04,38299483.0
8483,2020-07-16,90.8775,91.72,90.22,90.8375,27644418.0
8484,2020-07-17,91.3025,91.4625,90.155,90.6425,23046725.0
8485,2020-07-20,90.7325,92.815,90.3775,92.6725,22579477.0
8486,2020-07-21,93.4875,93.565,91.0575,91.315,25911459.0
8487,2020-07-22,91.0075,92.29,90.9175,91.5875,22250413.0
8488,2020-07-23,91.3125,91.3925,86.325,87.16,49251108.0
8489,2020-07-24,85.3025,87.285,83.46,86.93,46359716.0
8490,2020-07-27,88.025,89.22,87.795,89.125,30303548.0
8491,2020-07-28,88.6825,88.865,87.5625,87.5675,25906375.0
8492,2020-07-29,88.065,89.545,88.0275,89.355,22582314.0
8493,2020-07-30,88.5025,90.6125,88.0825,90.505,39532505.0
8494,2020-07-31,97.2,100.73,95.14,100.575,93573867.0
8495,2020-08-03,102.515,105.9525,102.2075,103.2525,77037847.0
8496,2020-08-04,103.4475,105.105,102.7025,103.98,43198092.0
8497,2020-08-05,103.6925,104.7075,103.2125,104.3775,30497988.0
8498,2020-08-06,104.72,108.7275,104.1125,108.2175,50607225.0
8499,2020-08-07,107.725,108.195,104.8125,105.6325,49511403.0
8500,2020-08-10,107.12,108.295,104.52,107.2475,53100856.0
8501,2020-08-11,106.49,107.0025,103.6275,103.895,46975594.0
8502,2020-08-12,105.0175,107.795,104.8175,107.53,41486205.0
8503,2020-08-13,108.95,110.5625,108.4475,109.53,52520516.0
8504,2020-08-14,109.35,109.52,107.565,109.4275,41391302.0
8505,2020-08-17,110.5825,110.6075,108.4825,109.1275,29890361.0
8506,2020-08-18,108.8725,110.52,108.5275,110.0825,26408385.0
8507,2020-08-19,110.5025,111.6825,110.13,110.2275,36384502.0
8508,2020-08-20,110.27,112.9125,110.2525,112.795,31726797.0
8509,2020-08-21,113.7825,119.3875,113.77,118.89,84513660.0
8510,2020-08-24,123.2175,123.305,118.4575,120.3775,86484442.0
8511,2020-08-25,119.2175,119.7,117.5725,119.345,52873947.0
8512,2020-08-26,120.7,121.5125,119.6025,121.0425,40755567.0
8513,2020-08-27,121.6625,122.005,118.3525,119.53,38888096.0
8514,2020-08-28,120.5325,120.9625,119.0975,119.3275,46907479.0
8515,2020-08-31,122.1,125.52,120.52,123.56,225702688.0
8516,2020-09-01,127.28,129.32,125.05,128.7,152470142.0
8517,2020-09-02,132.11,132.5,121.52,125.92,200118991.0
8518,2020-09-03,121.43,123.36,115.02,115.4,257599640.0
8519,2020-09-04,114.59,118.22,105.41,115.48,332607168.0
8520,2020-09-08,108.47,113.51,107.2,107.34,231366563.0
8521,2020-09-09,111.78,113.66,109.78,111.84,176940455.0
8522,2020-09-10,114.88,115.02,107.02,108.01,182274391.0
8523,2020-09-11,109.09,109.75,104.52,106.52,180860325.0
8524,2020-09-14,109.24,110.45,107.32,109.88,140150087.0
8525,2020-09-15,112.85,113.35,108.13,110.06,184642039.0
8526,2020-09-16,109.75,110.52,106.56,106.65,155026675.0
8527,2020-09-17,104.24,106.72,103.23,104.86,178010968.0
8528,2020-09-18,104.92,105.4,100.61,101.36,287104880.0
8529,2020-09-21,99.06,104.71,97.62,104.6,195713815.0
8530,2020-09-22,107.2,107.38,103.68,106.33,183055373.0
8531,2020-09-23,106.14,106.63,101.29,101.64,150718671.0
8532,2020-09-24,99.69,104.77,99.52,102.74,167743349.0
8533,2020-09-25,102.95,106.96,102.19,106.8,149981441.0
8534,2020-09-28,109.53,109.84,107.3,109.48,137672403.0
8535,2020-09-29,109.07,109.83,108.09,108.61,100060526.0
8536,2020-09-30,108.31,111.78,108.14,110.33,142675184.0
8537,2020-10-01,112.16,112.24,110.35,111.31,116120440.0
8538,2020-10-02,107.41,109.89,106.74,107.54,144711986.0
8539,2020-10-05,108.43,111.17,108.07,111.02,106243839.0
8540,2020-10-06,110.22,110.64,106.77,107.68,161498212.0
8541,2020-10-07,109.14,110.07,108.65,109.6,96848985.0
8542,2020-10-08,110.77,110.92,109.11,109.49,83477153.0
8543,2020-10-09,109.8,111.52,109.44,111.49,100506865.0
8544,2020-10-12,114.58,119.7,113.8,118.92,240226769.0
8545,2020-10-13,119.79,119.91,114.17,115.62,262330451.0
8546,2020-10-14,115.52,117.55,114.14,115.71,151062308.0
8547,2020-10-15,113.24,115.72,112.67,115.23,112559219.0
8548,2020-10-16,115.8,116.07,113.33,113.54,115393808.0
8549,2020-10-19,114.48,114.94,110.18,110.5,120639337.0
8550,2020-10-20,110.72,113.5,110.15,112.03,124423728.0
8551,2020-10-21,111.19,113.23,110.97,111.39,89945980.0
8552,2020-10-22,111.97,112.56,109.11,110.27,101987954.0
8553,2020-10-23,110.91,111.07,108.8,109.56,82572645.0
8554,2020-10-26,108.53,111.07,107.4,109.57,111850657.0
8555,2020-10-27,110.01,111.8,109.06,111.12,92276772.0
8556,2020-10-28,109.57,109.95,105.62,105.72,143937823.0
8557,2020-10-29,106.89,111.45,106.72,109.84,146129173.0
8558,2020-10-30,105.58,106.51,102.24,103.38,190573476.0
8559,2020-11-02,103.63,105.2,101.84,103.29,122866899.0
8560,2020-11-03,104.18,106.01,103.25,104.96,107624448.0
8561,2020-11-04,108.66,110.11,106.87,109.47,138235482.0
8562,2020-11-05,112.47,114.14,111.39,113.55,126387074.0
8563,2020-11-06,113.045,113.925,110.855,113.415,114457922.0
8564,2020-11-09,115.225,116.715,110.775,111.045,154515315.0
8565,2020-11-10,110.275,112.315,108.855,110.695,138023390.0
8566,2020-11-11,111.915,114.355,111.165,114.215,112294954.0
8567,2020-11-12,114.345,115.255,113.295,113.935,103350674.0
8568,2020-11-13,114.165,114.395,112.595,113.985,81688586.0
8569,2020-11-16,113.645,115.715,112.875,115.025,91183018.0
8570,2020-11-17,114.275,115.395,113.685,114.115,74270973.0
8571,2020-11-18,113.335,114.545,112.725,112.755,76322111.0
8572,2020-11-19,112.315,113.785,111.535,113.365,74112972.0
8573,2020-11-20,113.365,113.495,112.015,112.065,73604287.0
8574,2020-11-23,111.905,112.345,108.475,108.575,127959318.0
8575,2020-11-24,108.635,110.575,107.315,109.895,113874218.0
8576,2020-11-25,110.275,111.475,109.895,110.755,76499234.0
8577,2020-11-27,111.295,112.215,110.945,111.315,46691331.0
8578,2020-11-30,111.695,115.695,111.535,113.775,169410176.0
8579,2020-12-01,115.735,118.195,114.735,117.445,128166803.0
8580,2020-12-02,116.745,118.095,115.615,117.805,89004195.0
8581,2020-12-03,118.245,118.505,116.935,117.665,78967630.0
8582,2020-12-04,117.325,117.585,116.245,116.975,78260421.0
8583,2020-12-07,117.035,119.295,116.975,118.475,86711990.0
8584,2020-12-08,119.095,119.705,117.815,119.105,82225512.0
8585,2020-12-09,119.255,120.675,115.725,116.505,115089193.0
8586,2020-12-10,115.225,118.595,114.875,117.965,81312170.0
8587,2020-12-11,117.155,117.485,115.275,117.135,86939786.0
8588,2020-12-14,117.325,118.075,116.265,116.505,79075988.0
8589,2020-12-15,119.065,122.625,118.855,122.605,157572262.0
8590,2020-12-16,122.135,123.095,121.285,122.535,98208591.0
8591,2020-12-17,123.625,124.305,122.765,123.425,94359811.0
8592,2020-12-18,123.685,123.825,120.845,121.385,192541496.0
8593,2020-12-21,119.745,123.035,118.175,122.955,121251553.0
8594,2020-12-22,126.335,129.135,124.375,126.605,169351825.0
8595,2020-12-23,126.885,127.155,125.505,125.685,88223692.0
8596,2020-12-24,126.045,128.185,125.825,126.695,54930064.0
8597,2020-12-28,128.715,132.065,128.235,131.415,124486237.0
8598,2020-12-29,132.775,133.515,129.065,129.595,121047324.0
8599,2020-12-30,130.305,130.715,128.125,128.445,96452124.0
8600,2020-12-31,128.805,129.465,126.445,127.415,99116586.0
8601,2021-01-04,128.245,128.335,121.485,124.135,143224253.0
8602,2021-01-05,123.615,126.465,123.155,125.735,97664898.0
8603,2021-01-06,122.445,125.775,121.105,121.325,155087970.0
8604,2021-01-07,123.085,126.355,122.585,125.645,109578157.0
8605,2021-01-08,127.155,127.355,124.955,126.775,105158245.0
8606,2021-01-11,123.915,124.895,123.225,123.705,100620880.0
8607,2021-01-12,123.225,124.415,121.585,123.525,91951145.0
8608,2021-01-13,123.485,126.175,123.215,125.615,88636831.0
8609,2021-01-14,125.525,125.725,123.485,123.635,90221755.0
8610,2021-01-15,123.505,124.945,121.725,121.865,111598531.0
8611,2021-01-19,122.505,123.435,121.665,122.555,90757329.0
8612,2021-01-20,123.385,127.215,123.275,126.755,104319489.0
8613,2021-01-21,128.525,134.395,128.315,131.595,120529544.0
8614,2021-01-22,131.005,134.575,129.745,133.795,114459360.0
8615,2021-01-25,137.795,139.815,131.265,137.645,157611713.0
8616,2021-01-26,138.325,139.025,136.095,137.885,98390555.0
8617,2021-01-27,138.155,139.025,135.135,136.785,140843759.0
8618,2021-01-28,134.245,136.715,131.425,131.815,142621128.0
8619,2021-01-29,130.555,131.465,124.935,126.685,177523812.0
8620,2021-02-01,128.475,130.105,125.655,128.865,106239823.0
8621,2021-02-02,130.455,131.035,129.335,129.715,83305367.0
8622,2021-02-03,130.485,130.495,128.335,128.665,89880937.0
8623,2021-02-04,131.025,132.125,129.315,132.115,84183061.0
8624,2021-02-05,132.28,132.35,130.79,131.69,75693830.0
8625,2021-02-08,130.96,131.89,129.85,131.84,71297214.0
8626,2021-02-09,131.55,132.81,130.78,130.94,76774213.0
8627,2021-02-10,131.41,131.92,129.33,130.32,73046563.0
8628,2021-02-11,130.83,131.32,128.7,130.06,64280029.0
8629,2021-02-12,129.28,130.46,128.62,130.3,60145130.0
8630,2021-02-16,130.42,130.94,127.72,128.12,80576316.0
8631,2021-02-17,126.18,127.15,124.4,125.77,98085249.0
8632,2021-02-18,124.13,124.93,122.34,124.64,96856748.0
8633,2021-02-19,125.17,125.64,123.73,124.8,87668834.0
8634,2021-02-22,122.94,124.65,120.53,120.93,103916419.0
8635,2021-02-23,118.69,121.64,113.32,120.79,158273022.0
8636,2021-02-24,119.87,120.49,117.16,120.28,111039904.0
8637,2021-02-25,119.61,121.39,115.47,115.92,148199540.0
8638,2021-02-26,117.52,119.78,116.13,116.19,164560394.0
8639,2021-03-01,118.68,122.86,117.72,122.72,116307892.0
8640,2021-03-02,123.34,123.65,119.94,120.05,102260945.0
8641,2021-03-03,119.74,120.64,116.77,116.99,112966340.0
8642,2021-03-04,116.68,118.53,113.55,115.06,178154975.0
8643,2021-03-05,115.91,116.87,112.5,116.35,153766601.0
8644,2021-03-08,115.86,115.93,111.14,111.29,154376610.0
8645,2021-03-09,113.96,116.99,113.72,116.01,129525780.0
8646,2021-03-10,116.62,117.1,114.38,114.91,111943326.0
8647,2021-03-11,117.47,118.14,116.19,116.89,103026514.0
8648,2021-03-12,115.33,116.1,114.09,115.96,88105050.0
8649,2021-03-15,116.34,118.93,115.35,118.92,92590555.0
8650,2021-03-16,120.63,122.15,119.65,120.5,115227936.0
8651,2021-03-17,118.98,120.79,117.27,119.69,111932636.0
8652,2021-03-18,117.81,118.11,115.25,115.46,121469755.0
8653,2021-03-19,114.83,116.36,114.61,114.92,185549522.0
8654,2021-03-22,115.26,118.8,115.19,118.32,111912284.0
8655,2021-03-23,118.26,119.17,117.07,117.47,95467142.0
8656,2021-03-24,117.75,117.83,115.0,115.02,88530485.0
8657,2021-03-25,114.47,116.59,113.93,115.52,98844681.0
8658,2021-03-26,115.28,116.41,113.85,116.14,94071234.0
8659,2021-03-29,116.58,117.51,115.66,116.32,80819203.0
8660,2021-03-30,115.04,115.33,113.79,114.83,85671919.0
8661,2021-03-31,116.58,118.45,116.08,117.08,118323826.0
8662,2021-04-01,118.59,119.11,117.42,117.93,75089134.0
8663,2021-04-05,118.8,121.09,118.0,120.83,88651175.0
8664,2021-04-06,121.43,122.06,120.58,121.14,80171253.0
8665,2021-04-07,120.76,122.85,120.07,122.83,83466716.0
8666,2021-04-08,123.88,125.32,123.45,125.29,88844591.0
8667,2021-04-09,124.73,127.97,124.4,127.93,106686703.0
8668,2021-04-12,127.45,127.78,125.56,126.17,91419983.0
8669,2021-04-13,127.37,129.59,126.86,129.36,91266545.0
8670,2021-04-14,129.87,129.93,126.59,126.96,87222782.0
8671,2021-04-15,128.75,129.93,128.57,129.43,89347102.0
8672,2021-04-16,129.23,129.6,128.21,129.09,84922386.0
8673,2021-04-19,128.44,130.4,128.27,129.77,94264215.0
8674,2021-04-20,129.95,130.46,126.74,128.04,94812349.0
8675,2021-04-21,127.29,128.68,126.23,128.43,68847136.0
8676,2021-04-22,127.97,129.08,126.34,126.87,84566456.0
8677,2021-04-23,127.09,130.05,127.09,129.25,78756779.0
8678,2021-04-26,129.76,129.99,128.49,129.65,66905069.0
8679,2021-04-27,129.94,130.34,129.04,129.32,66015804.0
8680,2021-04-28,129.24,129.95,128.01,128.51,107760097.0
8681,2021-04-29,131.4,132.0,127.38,128.41,151100953.0
8682,2021-04-30,126.71,128.49,126.0,126.39,109839466.0
8683,2021-05-03,126.97,129.0,126.76,127.47,75135100.0
8684,2021-05-04,126.12,126.42,121.63,122.78,137564718.0
8685,2021-05-05,124.13,125.38,122.9,123.03,84000900.0
8686,2021-05-06,122.82,124.68,122.06,124.67,78128334.0
8687,2021-05-07,126.0,126.41,124.62,125.36,78973273.0
8688,2021-05-10,124.56,124.69,121.96,122.0,88071229.0
8689,2021-05-11,118.65,121.42,117.92,121.06,126142826.0
8690,2021-05-12,118.55,119.79,117.4,117.92,112172282.0
8691,2021-05-13,119.73,121.3,119.41,120.12,105861339.0
8692,2021-05-14,121.4,123.04,121.0,122.6,81917951.0
8693,2021-05-17,121.97,122.08,120.32,121.42,74244624.0
8694,2021-05-18,121.71,122.14,119.93,120.0,63342929.0
8695,2021-05-19,118.31,120.07,118.01,119.84,92611989.0
8696,2021-05-20,120.38,122.87,120.25,122.46,76857123.0
8697,2021-05-21,122.97,123.15,120.36,120.58,79295436.0
8698,2021-05-24,121.16,123.09,121.09,122.25,63092945.0
8699,2021-05-25,122.97,123.47,121.47,122.05,72009482.0
8700,2021-05-26,122.11,122.54,121.57,122.0,56575920.0
8701,2021-05-27,121.59,122.79,120.23,120.43,94625601.0
8702,2021-05-28,120.72,120.95,119.7,119.76,71311109.0
8703,2021-06-01,120.23,120.5,119.09,119.43,67637118.0
8704,2021-06-02,119.43,120.39,119.2,120.21,59278862.0
8705,2021-06-03,119.83,120.0,118.28,118.69,76229170.0
8706,2021-06-04,119.22,121.31,119.0,121.04,75169343.0
8707,2021-06-07,121.32,121.47,119.98,121.05,71057550.0
8708,2021-06-08,121.75,123.61,121.36,121.89,74403774.0
8709,2021-06-09,122.36,122.9,121.67,122.28,56877937.0
8710,2021-06-10,122.17,123.34,121.09,121.26,71186421.0
8711,2021-06-11,121.68,122.59,121.25,122.5,53522373.0
8712,2021-06-14,122.97,125.69,122.22,125.63,96906490.0
8713,2021-06-15,125.09,125.75,124.54,124.79,62746332.0
8714,2021-06-16,125.52,126.04,123.61,125.3,91815026.0
8715,2021-06-17,124.95,127.7,124.8,126.94,96721669.0
8716,2021-06-18,125.86,126.66,125.39,125.61,108953309.0
8717,2021-06-21,125.45,127.56,124.36,127.45,79663316.0
8718,2021-06-22,127.28,129.23,126.77,129.13,74783618.0
8719,2021-06-23,128.92,129.47,128.38,128.85,60214200.0
8720,2021-06-24,129.6,129.79,128.08,128.56,68710998.0
8721,2021-06-25,128.61,129.04,127.96,128.26,70783746.0
8722,2021-06-28,128.56,130.4,128.5,129.93,62111303.0
8723,2021-06-29,129.95,131.64,129.5,131.48,64556081.0
8724,2021-06-30,131.32,132.56,131.02,132.11,63261393.0
8725,2021-07-01,131.75,132.48,130.91,132.42,52485781.0
8726,2021-07-02,133.05,135.15,132.9,135.11,78945572.0
8727,2021-07-06,135.22,138.3,135.22,137.17,108181793.0
8728,2021-07-07,138.69,140.04,137.81,139.72,104911589.0
8729,2021-07-08,136.73,139.21,135.81,138.39,105575458.0
8730,2021-07-09,137.9,140.8,137.8,140.26,99890800.0
8731,2021-07-12,141.36,141.47,139.15,139.65,76299719.0
8732,2021-07-13,139.18,142.61,138.78,140.79,100827099.0
8733,2021-07-14,143.25,144.72,142.83,144.3,127050785.0
8734,2021-07-15,144.39,145.15,142.24,143.63,106820297.0
8735,2021-07-16,143.61,144.91,141.03,141.54,93251426.0
8736,2021-07-19,138.9,139.22,136.82,137.6,121434571.0
8737,2021-07-20,138.61,142.25,138.11,141.3,96350036.0
8738,2021-07-21,140.68,141.28,139.78,140.55,74993460.0
8739,2021-07-22,141.09,143.34,140.96,141.95,77338156.0
8740,2021-07-23,142.7,143.87,142.07,143.71,71447416.0
8741,2021-07-26,143.42,144.98,142.85,144.14,72434089.0
8742,2021-07-27,144.27,144.36,140.7,141.92,104818578.0
8743,2021-07-28,139.96,142.12,137.69,140.13,118931191.0
8744,2021-07-29,139.84,141.7,139.73,140.79,56699475.0
8745,2021-07-30,139.53,141.48,139.26,141.01,70440626.0
8746,2021-08-02,141.51,142.1,140.4,140.67,62879961.0
8747,2021-08-03,140.96,143.19,140.33,142.51,64786618.0
8748,2021-08-04,142.42,142.94,141.43,142.1,56368271.0
8749,2021-08-05,142.13,142.99,141.32,142.21,46397674.0
8750,2021-08-06,141.72,142.48,141.0,141.51,54126813.0
8751,2021-08-09,141.57,142.07,140.89,141.46,48908689.0
8752,2021-08-10,141.81,143.08,140.67,140.97,69023081.0
8753,2021-08-11,141.42,142.09,140.9,141.23,48493463.0
8754,2021-08-12,141.56,144.42,141.21,144.26,73779113.0
8755,2021-08-13,144.34,144.81,143.64,144.47,59375009.0
8756,2021-08-16,143.91,146.56,141.84,146.49,103558782.0
8757,2021-08-17,145.6,147.05,144.46,145.56,92229735.0
8758,2021-08-18,145.17,146.09,141.52,141.73,86325990.0
8759,2021-08-19,140.4,143.37,139.87,142.07,86960310.0
8760,2021-08-20,142.81,143.87,142.15,143.56,60549630.0
8761,2021-08-23,143.68,145.56,143.26,145.08,60131810.0
8762,2021-08-24,144.82,146.23,144.52,144.99,48606428.0
8763,2021-08-25,145.18,145.69,143.17,143.73,58991297.0
8764,2021-08-26,143.72,144.49,142.88,142.91,48597195.0
8765,2021-08-27,142.85,144.12,142.2,143.97,55802388.0
8766,2021-08-30,144.37,148.86,143.98,148.49,90956723.0
8767,2021-08-31,148.03,148.17,146.66,147.2,86453117.0
8768,2021-09-01,148.2,150.35,147.71,147.88,80313711.0
8769,2021-09-02,149.24,150.09,147.77,149.02,71171317.0
8770,2021-09-03,149.13,150.0,148.46,149.67,57866066.0
8771,2021-09-07,150.34,152.63,149.76,152.06,82278261.0
8772,2021-09-08,152.35,152.41,149.34,150.48,74420207.0
8773,2021-09-09,150.86,151.48,149.32,149.44,57305730.0
8774,2021-09-10,150.37,150.85,144.07,144.34,140893235.0
8775,2021-09-13,146.0,146.79,144.12,144.92,102404329.0
8776,2021-09-14,145.72,146.44,142.28,143.49,109296295.0
8777,2021-09-15,143.93,144.81,141.74,144.4,83281315.0
8778,2021-09-16,143.81,144.34,142.59,144.16,68034149.0
8779,2021-09-17,144.19,144.19,141.13,141.43,129868824.0
8780,2021-09-20,139.17,140.21,136.64,138.31,123478863.0
8781,2021-09-21,139.3,139.97,138.15,138.8,75833962.0
8782,2021-09-22,139.82,141.8,139.07,141.22,76404341.0
8783,2021-09-23,142.02,142.45,141.01,142.2,64838170.0
8784,2021-09-24,141.03,142.84,140.93,142.29,53477869.0
8785,2021-09-27,140.84,141.33,139.19,140.74,74150729.0
8786,2021-09-28,138.62,140.12,137.06,137.28,108972340.0
8787,2021-09-29,137.84,139.82,137.4,138.2,74602044.0
8788,2021-09-30,139.03,139.75,136.65,136.87,89056664.0
8789,2021-10-01,137.27,138.29,134.48,138.02,94639581.0
8790,2021-10-04,137.13,137.58,133.64,134.51,98322008.0
8791,2021-10-05,134.86,137.61,134.73,136.48,80861062.0
8792,2021-10-06,134.84,137.52,133.74,137.37,83221119.0
8793,2021-10-07,138.43,139.59,138.09,138.66,61732656.0
8794,2021-10-08,139.4,139.55,137.93,138.27,58773155.0
8795,2021-10-11,137.64,140.18,137.18,138.18,64452219.0
8796,2021-10-12,138.6,138.62,136.41,136.88,73035859.0
8797,2021-10-13,136.61,136.77,134.57,136.28,78762721.0
8798,2021-10-14,137.48,139.25,136.88,139.13,69907100.0
8799,2021-10-15,139.14,140.27,138.88,140.21,67940334.0
8800,2021-10-18,138.81,142.21,138.53,141.92,85589175.0
8801,2021-10-19,142.38,144.54,141.92,144.13,76378894.0
8802,2021-10-20,144.07,145.12,143.49,144.63,58418788.0
8803,2021-10-21,144.18,145.01,143.24,144.85,61420990.0
8804,2021-10-22,145.06,145.55,144.01,144.06,58883443.0
8805,2021-10-25,144.05,144.74,142.99,144.01,50720556.0
8806,2021-10-26,144.7,146.21,144.38,144.69,60893395.0
8807,2021-10-27,144.73,145.1,143.86,144.22,56094929.0
8808,2021-10-28,145.19,148.53,145.09,147.94,100077888.0
8809,2021-10-29,142.59,145.31,141.78,145.17,124953168.0
8810,2021-11-01,144.36,145.07,143.17,144.33,74588258.0
8811,2021-11-02,144.03,146.94,144.02,145.39,69121987.0
8812,2021-11-03,145.76,147.34,145.19,146.86,54511534.0
8813,2021-11-04,146.95,147.8,146.01,146.33,60394616.0
8814,2021-11-05,147.48,147.79,145.65,146.87,65463883.0
8815,2021-11-08,147.0,147.16,145.75,146.03,55020868.0
8816,2021-11-09,145.79,147.02,145.65,146.4,56787930.0
8817,2021-11-10,145.61,145.72,143.44,143.51,65187092.0
8818,2021-11-11,144.55,145.02,143.27,143.46,40999950.0
8819,2021-11-12,144.02,145.99,143.07,145.58,63804008.0
8820,2021-11-15,145.96,147.47,145.02,145.59,59222803.0
8821,2021-11-16,145.53,147.08,144.93,146.59,59256210.0
8822,2021-11-17,146.59,150.59,146.58,149.08,88807000.0
8823,2021-11-18,149.3,154.26,148.64,153.46,137827673.0
8824,2021-11-19,153.24,156.61,152.12,156.14,117305597.0
8825,2021-11-22,157.27,161.29,156.59,156.61,117467889.0
8826,2021-11-23,156.71,157.39,154.65,157.0,96041899.0
8827,2021-11-24,156.34,157.73,155.23,157.53,69463623.0
8828,2021-11-26,155.16,156.04,151.95,152.4,76959752.0
8829,2021-11-29,154.96,156.78,154.38,155.83,88748217.0
8830,2021-11-30,155.58,161.11,155.51,160.89,174048056.0
8831,2021-12-01,163.07,165.89,160.12,160.36,152423003.0
8832,2021-12-02,154.33,159.79,153.39,159.35,136739174.0
8833,2021-12-03,159.61,160.55,155.31,157.43,118023116.0
8834,2021-12-06,159.88,163.47,159.87,160.91,107496982.0
8835,2021-12-07,164.67,167.17,163.93,166.77,120405352.0
8836,2021-12-08,167.72,171.55,166.29,170.67,116998901.0
8837,2021-12-09,170.5,172.34,169.51,170.15,108923739.0
8838,2021-12-10,170.8,175.22,170.28,175.04,115402731.0
8839,2021-12-13,176.71,177.72,171.12,171.33,153237019.0
8840,2021-12-14,170.84,173.33,167.8,169.92,139380382.0
8841,2021-12-15,170.7,175.09,167.9,174.89,131063257.0
8842,2021-12-16,174.87,176.73,166.34,167.85,150185843.0
8843,2021-12-17,165.52,169.06,165.28,166.73,195923441.0
8844,2021-12-20,163.87,166.17,163.05,165.34,107499114.0
8845,2021-12-21,167.15,168.79,164.71,168.58,91185905.0
8846,2021-12-22,168.63,171.45,167.74,171.23,92135303.0
8847,2021-12-23,171.44,172.44,170.86,171.87,68356567.0
8848,2021-12-27,172.68,176.01,172.66,175.92,74919582.0
8849,2021-12-28,175.75,176.92,174.12,174.88,79144339.0
8850,2021-12-29,174.92,176.22,173.73,174.97,62348931.0
8851,2021-12-30,175.06,176.16,173.68,173.79,59773014.0
8852,2021-12-31,173.68,174.82,172.85,173.16,64062261.0
8853,2022-01-03,173.42,178.47,173.3,177.6,104701220.0
8854,2022-01-04,178.22,178.53,174.71,175.29,99310438.0
8855,2022-01-05,175.2,175.76,170.23,170.51,94537602.0
8856,2022-01-06,168.29,170.89,167.23,167.59,96903955.0
8857,2022-01-07,168.48,169.73,166.62,167.76,86709147.0
8858,2022-01-10,164.67,168.09,163.76,167.78,106765552.0
8859,2022-01-11,167.91,170.77,166.41,170.67,76138312.0
8860,2022-01-12,171.71,172.77,170.41,171.12,74805173.0
8861,2022-01-13,171.37,172.21,167.38,167.78,84505760.0
8862,2022-01-14,166.95,169.37,166.68,168.66,80440780.0
8863,2022-01-18,167.1,168.13,165.0,165.39,91168729.0
8864,2022-01-19,165.59,166.67,161.53,161.82,94814990.0
8865,2022-01-20,162.57,165.27,159.77,160.1,91420515.0
8866,2022-01-21,160.01,161.92,157.89,158.0,122848858.0
8867,2022-01-24,155.61,157.89,150.29,157.21,162706686.0
8868,2022-01-25,154.57,158.35,152.61,155.37,115798367.0
8869,2022-01-26,159.09,159.98,153.41,155.28,108275308.0
8870,2022-01-27,158.04,159.43,153.87,154.81,121954638.0
8871,2022-01-28,161.3,165.94,158.39,165.92,179935660.0
8872,2022-01-31,165.75,170.59,165.1,170.37,115541590.0
8873,2022-02-01,169.6,170.43,167.9,170.2,86213911.0
8874,2022-02-02,170.34,171.47,168.92,171.43,84914256.0
8875,2022-02-03,170.07,171.83,167.71,168.49,89418074.0
8876,2022-02-04,167.49,169.91,166.49,168.2,82465400.0
8877,2022-02-07,168.67,169.76,166.76,167.47,77251204.0
8878,2022-02-08,167.54,171.16,167.24,170.64,74829217.0
8879,2022-02-09,171.86,172.46,170.71,172.09,71285038.0
8880,2022-02-10,169.95,171.29,167.36,167.93,90865899.0
8881,2022-02-11,168.14,168.89,163.85,164.45,98670687.0
8882,2022-02-14,163.18,165.39,162.37,164.69,86185530.0
8883,2022-02-15,166.78,168.76,166.06,168.6,64286320.0
8884,2022-02-16,167.66,169.15,165.86,168.36,61177398.0
8885,2022-02-17,166.84,167.72,164.28,164.69,69589344.0
8886,2022-02-18,165.63,166.35,162.0,163.11,82772674.0
8887,2022-02-22,160.79,162.5,157.96,160.13,91162758.0
8888,2022-02-23,161.35,161.96,155.56,155.88,90009247.0
8889,2022-02-24,148.39,158.66,147.81,158.55,141147540.0
8890,2022-02-25,159.65,160.93,156.68,160.66,91974222.0
8891,2022-02-28,158.87,161.23,158.24,160.93,95056629.0
8892,2022-03-01,160.51,162.41,157.78,159.01,83474425.0
8893,2022-03-02,160.2,163.17,158.76,162.37,79724750.0
8894,2022-03-03,164.28,164.72,161.36,162.04,76678441.0
8895,2022-03-04,160.3,161.36,157.91,158.98,83819592.0
8896,2022-03-07,159.17,160.83,154.85,155.11,96418845.0
8897,2022-03-08,154.63,158.69,151.61,153.25,131148280.0
8898,2022-03-09,157.28,159.22,155.22,158.76,91454905.0
8899,2022-03-10,156.01,156.2,151.79,154.33,105342033.0
8900,2022-03-11,154.74,155.09,150.31,150.54,96970102.0
8901,2022-03-14,147.26,149.93,145.91,146.43,108732111.0
8902,2022-03-15,146.71,151.38,146.19,150.9,92964302.0
8903,2022-03-16,152.86,155.81,150.27,155.4,102300157.0
8904,2022-03-17,154.42,156.81,153.44,156.43,75615376.0
8905,2022-03-18,156.32,160.29,155.57,159.79,123511692.0
8906,2022-03-21,159.32,162.16,158.82,161.19,95811352.0
8907,2022-03-22,161.32,165.23,160.72,164.63,81532007.0
8908,2022-03-23,163.8,168.45,163.46,166.02,98062674.0
8909,2022-03-24,166.87,169.95,166.02,169.88,90131418.0
8910,2022-03-25,169.69,171.09,168.56,170.53,80546156.0
8911,2022-03-28,167.98,171.54,167.81,171.41,90371916.0
8912,2022-03-29,172.5,174.82,172.15,174.77,100589440.0
8913,2022-03-30,174.36,175.42,172.51,173.58,92633154.0
8914,2022-03-31,173.65,173.84,170.21,170.42,103049285.0
8915,2022-04-01,169.84,170.69,167.75,170.12,78751328.0
8916,2022-04-04,170.38,174.3,170.25,174.25,76545983.0
8917,2022-04-05,173.31,174.11,170.23,170.87,73401786.0
8918,2022-04-06,168.17,169.44,165.94,167.64,89058782.0
8919,2022-04-07,166.97,169.17,165.66,167.95,77594650.0
8920,2022-04-08,167.59,167.59,165.01,165.9,76575508.0
8921,2022-04-11,164.52,164.84,161.31,161.56,72246706.0
8922,2022-04-12,163.83,165.68,162.45,163.47,79265181.0
8923,2022-04-13,163.2,166.85,162.58,166.21,70618925.0
8924,2022-04-14,166.43,167.08,160.85,161.1,75329376.0
8925,2022-04-18,159.73,162.41,159.38,160.88,69023941.0
8926,2022-04-19,160.83,163.63,159.72,163.21,67723833.0
8927,2022-04-20,164.57,164.69,161.91,163.04,67929814.0
8928,2022-04-21,164.72,167.34,161.72,162.23,87227768.0
8929,2022-04-22,162.27,163.68,157.31,157.6,84882424.0
8930,2022-04-25,156.93,158.98,154.27,158.69,96046376.0
8931,2022-04-26,158.06,158.15,152.53,152.61,95623240.0
8932,2022-04-27,151.72,155.6,151.19,152.38,88063191.0
8933,2022-04-28,155.06,160.33,154.74,159.45,130216792.0
8934,2022-04-29,157.65,162.01,153.06,153.46,131747571.0
8935,2022-05-02,152.52,154.04,149.08,153.77,123055265.0
8936,2022-05-03,153.96,156.52,152.13,155.29,88966526.0
8937,2022-05-04,155.48,162.29,155.07,161.83,108256503.0
8938,2022-05-05,159.66,159.89,150.76,152.58,130525275.0
8939,2022-05-06,152.05,155.48,150.22,153.32,116124647.0
8940,2022-05-09,150.97,151.87,147.53,148.1,131577921.0
8941,2022-05-10,151.56,152.78,148.97,150.55,115366736.0
8942,2022-05-11,149.54,151.49,141.85,142.54,142689825.0
8943,2022-05-12,138.81,142.24,134.84,138.6,182602041.0
8944,2022-05-13,140.63,144.14,139.15,143.15,113990852.0
8945,2022-05-16,141.59,143.56,140.22,141.58,86643781.0
8946,2022-05-17,144.9,145.81,142.72,145.28,78336254.0
8947,2022-05-18,142.89,143.4,135.94,136.86,109742890.0
8948,2022-05-19,135.92,137.7,132.64,133.39,136095640.0
8949,2022-05-20,135.13,136.74,128.65,133.63,137426125.0
8950,2022-05-23,133.83,139.3,133.69,139.15,117726265.0
8951,2022-05-24,136.85,138.01,133.37,136.4,104132746.0
8952,2022-05-25,134.47,137.83,134.38,136.56,92482696.0
8953,2022-05-26,133.43,140.38,133.18,139.82,90601548.0
8954,2022-05-27,141.43,145.72,141.3,145.68,90978503.0
8955,2022-05-31,145.11,146.7,142.88,144.88,103718416.0
8956,2022-06-01,145.94,147.78,143.72,144.75,74286635.0
8957,2022-06-02,143.87,147.31,142.9,147.25,72348055.0
8958,2022-06-03,142.94,144.01,140.5,141.42,88570289.0
8959,2022-06-06,143.07,144.61,140.94,142.18,71598380.0
8960,2022-06-07,140.39,145.04,140.14,144.75,67808150.0
8961,2022-06-08,144.62,145.91,143.5,144.0,53950201.0
8962,2022-06-09,143.12,143.99,138.57,138.68,69472976.0
8963,2022-06-10,136.32,136.8,133.1,133.17,91566637.0
8964,2022-06-13,128.91,131.24,127.48,127.92,122207099.0
8965,2022-06-14,129.17,129.93,127.52,128.8,84784326.0
8966,2022-06-15,130.33,133.38,128.2,131.47,91532972.0
8967,2022-06-16,128.12,128.43,125.08,126.1,107961508.0
8968,2022-06-17,126.11,129.12,125.85,127.6,134520290.0
8969,2022-06-21,129.46,133.1,129.36,131.91,81000488.0
8970,2022-06-22,130.83,133.8,129.95,131.39,73409234.0
8971,2022-06-23,132.86,134.63,131.67,134.31,72433768.0
8972,2022-06-24,135.94,137.95,135.81,137.7,89116837.0
8973,2022-06-27,138.73,139.53,137.01,137.7,70207908.0
8974,2022-06-28,138.17,139.46,133.36,133.48,67315328.0
8975,2022-06-29,133.5,136.71,132.71,135.27,66242411.0
8976,2022-06-30,133.29,134.41,129.81,132.76,98964467.0
8977,2022-07-01,132.08,135.08,131.7,134.97,71051552.0
8978,2022-07-05,133.81,137.65,132.97,137.6,73429641.0
8979,2022-07-06,137.39,140.16,137.12,138.96,74064254.0
8980,2022-07-07,139.33,142.59,139.32,142.39,66253709.0
8981,2022-07-08,141.3,143.59,141.04,143.08,64547798.0
8982,2022-07-11,141.71,142.68,139.82,140.91,63305113.0
8983,2022-07-12,141.8,144.49,141.09,141.9,77588759.0
8984,2022-07-13,139.03,142.49,138.16,141.53,71185560.0
8985,2022-07-14,140.12,144.99,139.29,144.51,78140744.0
8986,2022-07-15,145.82,146.9,144.24,146.21,76259931.0
8987,2022-07-18,146.78,147.61,142.74,143.11,81420868.0
8988,2022-07-19,143.96,147.27,142.95,147.04,82982367.0
8989,2022-07-20,147.16,149.76,146.41,149.08,64823413.0
8990,2022-07-21,150.54,151.61,147.98,151.39,65086636.0
8991,2022-07-22,151.43,152.32,149.45,150.13,66675408.0
8992,2022-07-25,150.05,151.08,148.32,148.99,53623945.0
8993,2022-07-26,148.3,149.13,146.84,147.64,55138691.0
8994,2022-07-27,148.62,153.37,148.2,152.83,78620688.0
8995,2022-07-28,153.02,153.68,150.45,153.39,81378731.0
8996,2022-07-29,157.28,159.67,155.54,158.55,101786860.0
8997,2022-08-01,157.05,159.63,156.93,157.55,67829379.0
8998,2022-08-02,156.14,158.45,155.67,156.05,59907025.0
8999,2022-08-03,156.88,162.63,156.79,162.17,82507488.0
9000,2022-08-04,162.05,163.23,160.47,161.85,55474144.0
9001,2022-08-05,159.48,162.12,159.27,161.62,56696985.0
9002,2022-08-08,162.64,164.08,160.47,161.14,60362338.0
9003,2022-08-09,160.29,162.09,159.52,161.19,63135503.0
9004,2022-08-10,163.95,165.61,163.17,165.51,70170540.0
9005,2022-08-11,166.33,167.26,164.46,164.76,57149159.0
9006,2022-08-12,166.09,168.44,165.67,168.37,68039382.0
9007,2022-08-15,167.79,169.66,167.62,169.46,54091694.0
9008,2022-08-16,169.05,169.98,167.93,169.3,56377050.0
9009,2022-08-17,169.04,172.42,168.84,170.82,79542037.0
9010,2022-08-18,170.02,171.17,169.39,170.42,62290075.0
9011,2022-08-19,169.3,170.01,167.58,167.79,70346295.0
9012,2022-08-22,165.96,166.13,163.41,163.84,69026809.0
9013,2022-08-23,163.35,164.98,162.92,163.5,54147079.0
9014,2022-08-24,163.59,164.38,162.52,163.8,53841524.0
9015,2022-08-25,165.05,166.41,164.62,166.3,51218209.0
9016,2022-08-26,166.84,167.32,159.83,159.89,78960980.0
9017,2022-08-29,157.42,159.17,156.09,157.65,73313953.0
9018,2022-08-30,158.4,158.83,153.99,155.18,77906197.0
9019,2022-08-31,156.58,156.85,153.41,153.49,87991091.0
9020,2022-09-01,152.91,154.69,150.94,154.23,74229896.0
9021,2022-09-02,156.02,156.63,151.24,152.08,76957768.0
9022,2022-09-06,152.74,153.36,149.96,150.8,73714843.0
9023,2022-09-07,151.09,152.94,149.88,152.23,87449574.0
9024,2022-09-08,150.91,152.63,148.95,150.73,84923847.0
9025,2022-09-09,151.74,154.09,151.02,153.64,68081006.0
9026,2022-09-12,155.86,160.53,155.57,159.7,104955962.0
9027,2022-09-13,156.17,156.81,149.64,150.11,122656614.0
9028,2022-09-14,151.06,153.37,149.88,151.58,87965409.0
9029,2022-09-15,150.92,151.51,147.65,148.64,90481110.0
9030,2022-09-16,147.48,147.62,144.64,146.97,162278841.0
9031,2022-09-19,145.58,150.83,145.37,150.75,81474246.0
9032,2022-09-20,149.67,154.35,149.35,153.17,107689796.0
9033,2022-09-21,153.61,155.01,149.87,149.99,101696790.0
9034,2022-09-22,148.65,150.74,147.18,149.01,86652542.0
9035,2022-09-23,147.46,147.74,144.83,146.7,96029909.0
9036,2022-09-26,145.93,150.04,145.91,147.04,93339409.0
9037,2022-09-27,149.01,150.99,146.22,148.03,84442741.0
9038,2022-09-28,143.91,146.91,141.11,146.11,146691387.0
9039,2022-09-29,142.37,142.99,136.95,138.75,128138237.0
9040,2022-09-30,137.55,139.37,134.27,134.47,124925274.0
9041,2022-10-03,134.48,139.34,133.96,138.72,114311663.0
9042,2022-10-04,141.3,142.49,140.53,142.37,87830064.0
9043,2022-10-05,140.35,143.65,139.28,142.67,79470968.0
9044,2022-10-06,142.08,143.81,141.49,141.7,68402169.0
9045,2022-10-07,138.81,139.37,135.72,136.36,85925559.0
9046,2022-10-10,136.69,138.16,134.84,136.69,74899002.0
9047,2022-10-11,136.17,137.62,134.49,135.25,77033672.0
9048,2022-10-12,135.4,136.63,134.43,134.61,70433744.0
9049,2022-10-13,131.26,139.86,130.64,139.26,113223975.0
9050,2022-10-14,140.58,140.79,134.46,134.65,88597969.0
9051,2022-10-17,137.34,139.17,136.54,138.68,85250939.0
9052,2022-10-18,141.76,142.97,136.88,140.02,99136610.0
9053,2022-10-19,137.96,141.22,137.77,140.13,61758340.0
9054,2022-10-20,139.29,142.16,138.92,139.66,64521989.0
9055,2022-10-21,139.14,144.12,138.92,143.54,86548609.0
9056,2022-10-24,143.46,146.5,142.27,145.72,75981918.0
9057,2022-10-25,146.36,148.76,145.63,148.61,74732290.0
9058,2022-10-26,147.23,148.26,144.31,145.62,88436172.0
9059,2022-10-27,144.34,145.32,140.4,141.07,109180150.0
9060,2022-10-28,144.47,153.77,144.09,152.01,164762371.0
9061,2022-10-31,149.43,150.51,148.19,149.61,97943171.0
9062,2022-11-01,151.35,151.72,145.4,146.92,80379345.0
9063,2022-11-02,145.22,148.44,141.27,141.3,93604623.0
9064,2022-11-03,138.33,139.07,135.02,135.15,97918516.0
9065,2022-11-04,138.59,139.17,130.88,134.88,140814796.0
9066,2022-11-07,133.61,135.65,132.17,135.42,83374628.0
9067,2022-11-08,136.91,137.93,133.99,136.0,89908477.0
9068,2022-11-09,135.0,135.05,131.09,131.37,74917794.0
9069,2022-11-10,137.74,143.37,136.0,143.37,118854028.0
9070,2022-11-11,142.32,146.51,140.87,146.2,93979665.0
9071,2022-11-14,145.47,146.78,143.93,144.78,73374114.0
9072,2022-11-15,148.72,150.09,145.06,146.54,89868332.0
9073,2022-11-16,145.63,146.37,143.79,145.29,64218266.0
9074,2022-11-17,142.93,147.98,142.65,147.22,80389400.0
9075,2022-11-18,148.81,149.2,146.47,147.79,74829573.0
9076,2022-11-21,146.66,146.87,144.22,144.51,58724070.0
9077,2022-11-22,144.63,146.92,143.43,146.68,51804132.0
9078,2022-11-23,145.95,148.33,145.84,147.57,58301395.0
9079,2022-11-25,144.81,145.38,143.62,144.61,35195860.0
9080,2022-11-28,141.64,143.14,139.88,140.72,69346522.0
9081,2022-11-29,140.79,141.31,136.86,137.67,83763803.0
9082,2022-11-30,137.9,145.22,137.05,144.53,111380880.0
9083,2022-12-01,144.71,145.63,143.11,144.81,71250416.0
9084,2022-12-02,142.46,144.5,142.15,144.31,65447446.0
9085,2022-12-05,144.27,147.42,142.27,143.13,68826442.0
9086,2022-12-06,143.58,143.8,138.42,139.41,64727186.0
9087,2022-12-07,138.69,139.87,136.5,137.44,69721094.0
9088,2022-12-08,138.86,140.02,137.6,139.15,62128338.0
9089,2022-12-09,138.84,142.07,137.4,138.66,76097011.0
9090,2022-12-12,139.2,141.0,137.56,140.99,70462654.0
9091,2022-12-13,146.0,146.47,140.74,141.97,93886161.0
9092,2022-12-14,141.85,143.16,137.66,139.71,82291182.0
9093,2022-12-15,137.61,138.3,132.53,133.0,98931907.0
9094,2022-12-16,133.19,134.15,130.23,131.01,160156900.0
9095,2022-12-19,131.61,131.7,127.82,128.87,79592614.0
9096,2022-12-20,127.89,129.75,126.39,128.8,77432819.0
9097,2022-12-21,129.48,133.31,129.25,131.95,85927993.0
9098,2022-12-22,130.85,131.06,126.8,128.73,77852108.0
9099,2022-12-23,127.42,128.92,126.14,128.36,63814893.0
9100,2022-12-27,127.88,127.91,125.22,126.53,69007830.0
9101,2022-12-28,126.17,127.53,122.37,122.54,85438391.0
9102,2022-12-29,124.49,126.98,124.23,126.11,75703710.0
9103,2022-12-30,124.91,126.45,123.93,126.43,77034209.0
9104,2023-01-03,126.78,127.4,120.67,121.57,112117471.0
9105,2023-01-04,123.39,125.16,121.58,122.86,89113633.0
9106,2023-01-05,123.63,124.27,121.26,121.52,80962708.0
9107,2023-01-06,122.51,126.79,121.39,126.12,87754715.0
9108,2023-01-09,126.97,129.91,126.39,126.65,70790813.0
9109,2023-01-10,126.76,127.76,124.62,127.23,63896155.0
9110,2023-01-11,127.75,130.01,126.96,129.99,69458949.0
9111,2023-01-12,130.38,130.76,127.94,129.91,71379648.0
9112,2023-01-13,128.53,131.42,128.16,131.26,57809719.0
9113,2023-01-17,131.33,133.79,130.63,132.44,63646627.0
9114,2023-01-18,133.32,135.11,131.53,131.71,69672800.0
9115,2023-01-19,130.58,132.75,130.27,131.77,58280413.0
9116,2023-01-20,131.78,134.52,130.72,134.37,80223626.0
9117,2023-01-23,134.62,139.82,134.4,137.61,81760313.0
9118,2023-01-24,136.81,139.66,136.8,139.03,66435142.0
9119,2023-01-25,137.39,138.93,135.31,138.36,65799349.0
9120,2023-01-26,139.67,140.75,138.4,140.46,54105068.0
9121,2023-01-27,139.66,143.73,139.58,142.43,70555843.0
9122,2023-01-30,141.46,142.05,139.35,139.5,64015274.0
9123,2023-01-31,139.2,140.84,138.78,140.79,65874459.0
9124,2023-02-01,140.47,143.11,137.82,141.93,77663633.0
9125,2023-02-02,145.4,147.68,144.67,147.32,118338980.0
9126,2023-02-03,144.53,153.88,144.33,151.0,154357337.0
9127,2023-02-06,149.08,149.6,147.28,148.23,69858306.0
9128,2023-02-07,147.14,151.73,147.14,151.15,83322551.0
9129,2023-02-08,150.38,151.08,147.67,148.42,64120079.0
9130,2023-02-09,150.28,150.83,146.92,147.37,56007143.0
9131,2023-02-10,146.19,148.07,145.95,147.74,57450708.0
9132,2023-02-13,147.68,150.99,147.65,150.58,62199013.0
9133,2023-02-14,148.85,150.5,147.59,149.93,61707573.0
9134,2023-02-15,149.84,152.23,149.61,152.06,65669252.0
9135,2023-02-16,150.24,153.06,150.08,150.44,68167942.0
9136,2023-02-17,149.08,149.73,147.58,149.28,59144118.0
9137,2023-02-21,146.93,148.03,145.14,145.21,58867230.0
9138,2023-02-22,145.6,146.68,143.89,145.64,51011305.0
9139,2023-02-23,146.82,147.07,143.97,146.13,48394249.0
9140,2023-02-24,143.84,143.92,142.45,143.44,55469606.0
9141,2023-02-27,144.44,145.9,144.18,144.65,44998470.0
9142,2023-02-28,143.78,145.81,143.56,144.14,50546998.0
9143,2023-03-01,143.56,143.96,141.74,142.04,55478991.0
9144,2023-03-02,141.11,143.44,140.63,142.64,52279761.0
9145,2023-03-03,144.78,147.84,144.06,147.76,70732297.0
9146,2023-03-06,150.52,153.03,150.19,150.56,87558028.0
9147,2023-03-07,150.43,150.76,147.86,148.33,56182028.0
9148,2023-03-08,149.54,150.2,148.56,149.6,47204791.0
9149,2023-03-09,150.29,151.27,146.96,147.32,53833582.0
9150,2023-03-10,146.94,147.67,144.34,145.23,68572400.0
9151,2023-03-13,144.54,149.87,144.43,147.2,84457122.0
9152,2023-03-14,148.01,150.13,146.83,149.32,73695893.0
9153,2023-03-15,147.92,149.98,146.65,149.72,77167866.0
9154,2023-03-16,148.89,153.19,148.37,152.58,76254419.0
9155,2023-03-17,152.81,153.47,151.01,151.73,98944633.0
9156,2023-03-20,151.8,154.55,150.88,154.13,73641415.0
9157,2023-03-21,154.05,156.13,153.27,156.01,73938285.0
9158,2023-03-22,156.03,158.87,154.54,154.56,75701811.0
9159,2023-03-23,155.56,158.28,154.41,155.66,67622060.0
9160,2023-03-24,155.59,157.07,154.58,156.98,59256343.0
9161,2023-03-27,156.67,157.5,154.6,155.01,52390266.0
9162,2023-03-28,154.7,155.22,152.71,154.38,45992152.0
9163,2023-03-29,156.1,157.78,156.08,157.5,51305691.0
9164,2023-03-30,158.26,159.2,158.0,159.09,49501689.0
9165,2023-03-31,159.17,161.73,158.64,161.63,68749792.0
9166,2023-04-03,161.0,163.02,160.95,162.9,56976187.0
9167,2023-04-04,163.33,163.57,161.84,162.36,46278295.0
9168,2023-04-05,161.47,161.78,158.53,160.49,51511744.0
9169,2023-04-06,159.16,161.69,158.73,161.39,45390123.0
9170,2023-04-10,158.15,158.76,156.81,158.76,47716882.0
9171,2023-04-11,159.08,159.09,157.24,157.53,47644217.0
9172,2023-04-12,157.95,158.79,156.51,156.83,50133062.0
9173,2023-04-13,158.36,162.53,158.15,162.29,68445649.0
9174,2023-04-14,161.32,163.05,160.55,161.94,49386480.0
9175,2023-04-17,161.82,162.12,160.76,161.96,41516217.0
9176,2023-04-18,162.83,164.14,162.38,163.2,49923008.0
9177,2023-04-19,162.53,164.89,162.27,164.36,47720166.0
9178,2023-04-20,162.82,164.6,162.29,163.38,52456377.0
9179,2023-04-21,161.78,163.18,161.22,161.75,58337341.0
9180,2023-04-24,161.73,162.33,160.62,162.06,41949581.0
9181,2023-04-25,161.92,163.04,160.46,160.5,48714063.0
9182,2023-04-26,159.79,162.01,159.53,160.49,45498796.0
9183,2023-04-27,161.92,165.29,161.92,165.14,64902329.0
9184,2023-04-28,165.22,166.58,164.61,166.41,55275851.0
9185,2023-05-01,166.01,167.18,165.37,166.32,52472936.0
9186,2023-05-02,166.82,167.08,164.27,165.27,48425696.0
9187,2023-05-03,166.23,167.65,163.89,164.18,65136018.0
9188,2023-05-04,161.62,163.77,161.04,162.52,81235427.0
9189,2023-05-05,167.71,171.03,167.49,170.3,113453171.0
9190,2023-05-08,169.21,170.58,168.84,170.23,55962793.0
9191,2023-05-09,169.78,170.27,168.33,168.5,45326874.0
9192,2023-05-10,169.75,170.76,168.63,170.29,53724501.0
9193,2023-05-11,170.58,171.32,168.9,170.48,49514676.0
9194,2023-05-12,170.59,171.03,167.97,169.54,45533138.0
9195,2023-05-15,170.13,170.18,168.44,169.04,37266659.0
9196,2023-05-16,168.96,170.11,168.77,169.04,42110293.0
9197,2023-05-17,168.68,169.9,167.39,169.66,57951604.0
9198,2023-05-18,169.97,172.21,169.55,172.02,65496657.0
9199,2023-05-19,173.36,173.36,171.91,172.13,55809475.0
9200,2023-05-22,170.95,171.68,170.42,171.17,43570932.0
9201,2023-05-23,170.1,170.35,168.25,168.53,50747263.0
9202,2023-05-24,168.06,169.39,167.49,168.81,45143488.0
9203,2023-05-25,169.38,170.87,168.66,169.96,56058258.0
9204,2023-05-26,170.29,172.74,170.08,172.4,54834975.0
9205,2023-05-30,173.93,175.96,173.54,174.27,55964401.0
9206,2023-05-31,174.3,176.32,173.73,174.22,99625288.0
9207,2023-06-01,174.67,177.09,173.9,177.06,68901809.0
9208,2023-06-02,178.0,178.75,176.23,177.92,61996913.0
9209,2023-06-05,179.6,181.92,175.01,176.55,121946497.0
9210,2023-06-06,176.94,177.09,174.4,176.18,64848374.0
9211,2023-06-07,175.41,178.18,174.29,174.79,61944615.0
9212,2023-06-08,174.87,177.81,174.43,177.54,50214881.0
9213,2023-06-09,178.47,179.2,177.6,177.93,48899973.0
9214,2023-06-12,178.24,180.86,177.94,180.76,54754995.0
9215,2023-06-13,179.77,181.12,179.41,180.28,54929129.0
9216,2023-06-14,180.34,181.36,178.99,180.92,57462882.0
9217,2023-06-15,180.93,183.49,180.75,182.98,65433166.0
9218,2023-06-16,183.7,183.96,181.24,181.89,101256225.0
9219,2023-06-20,181.38,183.07,181.38,181.98,49799092.0
9220,2023-06-21,181.87,182.38,179.56,180.93,49515697.0
9221,2023-06-22,180.71,184.02,180.64,183.97,51245327.0
9222,2023-06-23,182.52,184.53,181.98,183.65,53116996.0
9223,2023-06-26,183.8,185.02,182.2,182.24,48088661.0
9224,2023-06-27,182.86,185.36,182.64,185.03,50730846.0
9225,2023-06-28,184.9,186.87,184.57,186.22,51216801.0
9226,2023-06-29,186.05,187.04,185.91,186.56,46347308.0
9227,2023-06-30,188.6,191.45,188.23,190.94,85213216.0
9228,2023-07-03,190.75,190.85,188.73,189.43,31458200.0
9229,2023-07-05,188.54,189.95,187.59,188.3,46920261.0
9230,2023-07-06,186.81,188.99,186.17,188.78,45156009.0
9231,2023-07-07,188.38,189.64,187.21,187.65,46814998.0
9232,2023-07-10,186.23,186.96,184.01,185.58,59922163.0
9233,2023-07-11,186.13,186.27,183.57,185.05,46638119.0
9234,2023-07-12,186.65,188.67,185.44,186.74,60750248.0
9235,2023-07-13,187.47,188.16,186.75,187.51,41342338.0
9236,2023-07-14,187.2,188.15,186.6,187.66,41616242.0
9237,2023-07-17,188.87,191.29,188.78,190.96,50520159.0
9238,2023-07-18,190.32,191.3,189.39,190.7,48353774.0
9239,2023-07-19,190.07,195.2,189.62,192.07,80507323.0
9240,2023-07-20,192.06,193.44,189.47,190.1,59581196.0
9241,2023-07-21,191.07,191.94,188.2,188.91,71951683.0
9242,2023-07-24,190.38,191.88,189.22,189.72,45505097.0
9243,2023-07-25,190.3,191.41,189.89,190.59,37283201.0
9244,2023-07-26,190.64,192.61,190.29,191.47,47471868.0
9245,2023-07-27,192.99,194.17,189.52,190.19,47460180.0
9246,2023-07-28,191.64,193.6,191.11,192.8,48291443.0
9247,2023-07-31,193.03,193.46,192.23,193.42,38824113.0
9248,2023-08-01,193.21,193.7,192.25,192.58,35281426.0
9249,2023-08-02,192.01,192.15,188.82,189.55,50389327.0
9250,2023-08-03,188.54,189.34,187.66,188.14,62243282.0
9251,2023-08-04,182.49,184.35,178.89,178.96,115956841.0
9252,2023-08-07,179.1,180.1,174.32,175.82,97576069.0
9253,2023-08-08,176.66,177.24,174.55,176.77,67823003.0
9254,2023-08-09,177.84,177.9,173.98,175.16,60378492.0
9255,2023-08-10,176.45,177.72,174.57,174.94,54686851.0
9256,2023-08-11,174.53,175.83,173.76,175.0,52036672.0
9257,2023-08-14,175.18,176.9,174.52,176.67,43675627.0
9258,2023-08-15,176.09,176.69,174.26,174.66,43622593.0
9259,2023-08-16,174.34,175.75,173.71,173.78,46964857.0
9260,2023-08-17,174.35,174.72,170.69,171.21,66062882.0
9261,2023-08-18,169.51,172.31,169.17,171.7,61172150.0
9262,2023-08-21,172.28,173.34,170.95,173.05,46311879.0
9263,2023-08-22,174.27,174.89,173.46,174.44,42084245.0
9264,2023-08-23,175.73,178.76,175.54,178.33,52722752.0
9265,2023-08-24,177.88,178.31,173.22,173.59,54945798.0
9266,2023-08-25,174.59,176.36,173.03,175.82,51449594.0
9267,2023-08-28,177.3,177.8,175.76,177.4,43820697.0
9268,2023-08-29,176.91,182.11,176.71,181.33,53003948.0
9269,2023-08-30,182.15,185.06,181.95,184.86,60813888.0
9270,2023-08-31,185.05,186.33,184.69,185.08,60794467.0
9271,2023-09-01,186.7,187.13,185.49,186.67,45766503.0
9272,2023-09-05,185.49,187.19,184.82,186.91,45280027.0
9273,2023-09-06,185.61,186.06,178.68,180.12,81755816.0
9274,2023-09-07,172.39,175.42,170.75,174.77,112488803.0
9275,2023-09-08,175.56,177.45,175.0,175.39,65602066.0
9276,2023-09-11,177.28,177.51,174.55,176.57,58953052.0
9277,2023-09-12,176.7,177.34,172.03,173.51,90370192.0
9278,2023-09-13,173.72,174.51,171.19,171.42,84267928.0
9279,2023-09-14,171.21,173.31,170.79,172.95,60895757.0
9280,2023-09-15,173.69,173.71,171.03,172.22,109259461.0
9281,2023-09-18,173.69,176.59,173.38,175.18,67257573.0
9282,2023-09-19,174.73,176.84,174.34,176.28,51826941.0
9283,2023-09-20,176.47,176.91,172.61,172.7,58436181.0
9284,2023-09-21,171.76,173.51,171.07,171.14,63149116.0
9285,2023-09-22,171.88,174.29,171.26,172.0,56725385.0
9286,2023-09-25,171.41,174.18,171.36,173.29,46172740.0
9287,2023-09-26,172.03,172.41,168.87,169.17,64588945.0
9288,2023-09-27,169.83,170.25,166.26,167.64,66921808.0
9289,2023-09-28,166.55,169.24,164.83,167.9,56294419.0
9290,2023-09-29,169.23,170.28,167.55,168.42,51861083.0
9291,2023-10-02,168.43,171.51,168.14,170.96,52164535.0
9292,2023-10-03,169.47,170.84,168.03,169.61,49594613.0
9293,2023-10-04,168.3,171.42,168.18,170.87,53020286.0
9294,2023-10-05,171.0,172.66,169.89,172.12,48527918.0
9295,2023-10-06,171.01,175.2,170.39,174.7,57266675.0
9296,2023-10-09,174.02,176.26,173.01,176.2,42390772.0
9297,2023-10-10,175.31,176.93,175.16,175.6,43698019.0
9298,2023-10-11,175.41,177.06,174.81,177.01,47551098.0
9299,2023-10-12,177.28,179.55,176.25,177.92,56743119.0
9300,2023-10-13,178.63,179.14,175.35,176.06,51456082.0
9301,2023-10-16,173.96,176.29,173.72,175.93,52516984.0
9302,2023-10-17,173.86,175.63,172.01,174.36,57549350.0
9303,2023-10-18,172.79,174.79,172.32,173.05,54764375.0
9304,2023-10-19,173.25,175.05,172.4,172.67,59302863.0
9305,2023-10-20,172.52,172.63,169.85,170.09,64244028.0
9306,2023-10-23,168.12,171.22,167.14,170.21,55980108.0
9307,2023-10-24,170.26,170.88,168.66,170.65,43816509.0
9308,2023-10-25,169.09,170.27,167.86,168.31,57156955.0
9309,2023-10-26,167.58,168.5875,162.88,164.1,70625251.0
9310,2023-10-27,164.12,166.17,164.04,165.43,58499005.0
9311,2023-10-30,166.23,168.38,166.08,167.5,51130941.0
9312,2023-10-31,166.56,168.11,165.11,167.98,44845959.0
9313,2023-11-01,168.21,171.44,167.33,171.18,56934745.0
9314,2023-11-02,172.73,174.99,172.67,174.78,77334576.0
9315,2023-11-03,171.45,174.03,170.56,173.86,79829245.0
9316,2023-11-06,173.59,176.64,173.42,176.44,63840954.0
9317,2023-11-07,176.39,179.65,176.18,179.03,70529898.0
9318,2023-11-08,179.56,180.66,178.8,180.1,49340226.0
9319,2023-11-09,180.17,181.33,179.02,179.62,53762757.0
9320,2023-11-10,181.42,184.015,180.98,183.85,66177922.0
9321,2023-11-13,183.27,183.48,181.66,182.25,43627292.0
9322,2023-11-14,185.15,185.56,183.75,184.89,60108352.0
9323,2023-11-15,185.295,186.95,185.23,185.46,53790272.0
9324,2023-11-16,187.02,188.41,186.1,187.16,54412623.0
9325,2023-11-17,187.7,187.83,186.02,187.14,50941404.0
9326,2023-11-20,187.34,189.355,187.33,188.9,46538598.0
9327,2023-11-21,188.86,188.97,187.19,188.09,38134485.0
9328,2023-11-22,188.94,190.38,188.275,188.76,39630010.0
9329,2023-11-24,188.32,188.35,186.7,187.42,23918892.0
9330,2023-11-27,187.37,188.12,186.35,187.24,40552608.0
9331,2023-11-28,187.23,188.53,186.85,187.85,38415419.0
9332,2023-11-29,188.35,189.54,186.42,186.82,43014224.0
9333,2023-11-30,187.29,187.77,185.64,187.4,48794365.0
9334,2023-12-01,187.78,189.01,186.68,188.69,45704812.0
9335,2023-12-04,187.43,187.5,184.9011,186.88,43389452.0
9336,2023-12-05,187.66,191.85,187.63,190.87,66628301.0
9337,2023-12-06,191.9,192.21,189.56,189.77,41089617.0
9338,2023-12-07,191.08,192.45,191.04,191.72,47477600.0
9339,2023-12-08,191.65,193.44,191.12,193.16,53406187.0
9340,2023-12-11,190.56,190.94,188.87,190.63,60943541.0
9341,2023-12-12,190.53,192.17,189.171,192.16,52696829.0
9342,2023-12-13,192.54,195.45,192.3,195.41,70404177.0
9343,2023-12-14,195.47,197.07,193.61,195.56,66831470.0
9344,2023-12-15,194.98,195.8499,194.45,195.02,128538401.0
9345,2023-12-18,193.54,194.08,191.84,193.34,55751758.0
9346,2023-12-19,193.61,194.4,193.34,194.39,40713979.0
9347,2023-12-20,194.35,195.13,192.28,192.28,52242815.0
9348,2023-12-21,193.55,194.53,190.95,192.13,46482437.0
9349,2023-12-22,192.63,192.86,190.42,191.05,37149566.0
9350,2023-12-26,191.06,191.34,190.28,190.5,28919231.0
9351,2023-12-27,189.94,190.95,188.54,190.6,48087675.0
9352,2023-12-28,191.59,192.11,190.62,191.03,34049893.0
9353,2023-12-29,191.35,191.85,189.175,189.98,42672148.0
9354,2024-01-02,184.6,185.89,181.335,183.09,82488674.0
9355,2024-01-03,181.67,183.33,180.88,181.7,58414447.0
9356,2024-01-04,179.6,180.5372,178.33,179.36,71983557.0
9357,2024-01-05,179.44,180.21,177.62,178.63,62379430.0
9358,2024-01-08,179.535,183.05,178.95,183.01,59144244.0
9359,2024-01-09,181.37,182.6,180.18,182.59,42841575.0
9360,2024-01-10,181.8,183.85,181.37,183.64,46792902.0
9361,2024-01-11,183.99,184.5,181.07,183.04,49128302.0
9362,2024-01-12,183.51,184.19,182.64,183.37,40477750.0
9363,2024-01-16,179.61,181.71,178.384,181.08,65602937.0
9364,2024-01-17,178.72,180.38,177.75,180.13,47317405.0
9365,2024-01-18,183.54,186.59,183.28,186.08,78005668.0
9366,2024-01-19,186.78,189.4,186.27,189.01,68902893.0
9367,2024-01-22,189.75,192.78,189.71,191.34,60133828.0
9368,2024-01-23,192.47,193.2,191.2799,192.63,42355537.0
9369,2024-01-24,192.87,193.83,191.79,191.95,53631306.0
9370,2024-01-25,192.67,193.7175,190.5625,191.62,54822126.0
9371,2024-01-26,191.72,192.21,189.39,189.87,44593815.0
9372,2024-01-29,189.46,189.65,187.03,189.18,47145335.0
9373,2024-01-30,188.39,189.25,184.92,185.49,55859113.0
9374,2024-01-31,184.49,184.545,181.8,181.85,55467788.0
9375,2024-02-01,181.435,184.4,181.27,184.31,64885308.0
9376,2024-02-02,177.31,184.78,176.7,183.3,102551492.0
9377,2024-02-05,185.6,186.7,183.29,185.13,69668790.0
9378,2024-02-06,184.31,186.76,184.2195,186.75,43490752.0
9379,2024-02-07,188.09,188.5,186.06,186.86,53438919.0
9380,2024-02-08,186.835,186.985,184.8,185.77,40961800.0
9381,2024-02-09,186.34,187.68,185.69,186.54,45155208.0
9382,2024-02-12,186.105,186.36,184.48,184.84,41781918.0
9383,2024-02-13,183.46,183.9,181.2028,182.73,56529210.0
9384,2024-02-14,183.01,183.22,180.13,181.84,54630501.0
9385,2024-02-15,181.24,182.18,179.04,181.55,65434476.0
9386,2024-02-16,181.11,182.54,179.355,180.0,49752342.0
9387,2024-02-20,179.48,180.12,177.69,179.25,53665461.0
9388,2024-02-21,179.63,180.5788,178.35,180.01,41529506.0
9389,2024-02-22,181.17,182.645,180.15,182.06,52292207.0
9390,2024-02-23,182.7,182.73,179.92,180.21,45119612.0
9391,2024-02-26,179.93,180.45,178.34,178.85,40867380.0
9392,2024-02-27,178.79,181.6125,177.25,180.32,54318811.0
9393,2024-02-28,180.2,180.81,177.82,179.11,48953923.0
9394,2024-02-29,178.96,180.26,177.22,178.44,136682472.0
9395,2024-03-01,177.24,178.22,175.07,177.35,73563079.0
9396,2024-03-04,173.84,174.59,171.48,172.78,81509778.0
9397,2024-03-05,168.45,169.73,167.31,167.81,95132254.0
9398,2024-03-06,168.75,168.93,166.37,166.81,68587488.0
9399,2024-03-07,166.84,168.42,166.18,166.69,71765061.0
9400,2024-03-08,166.69,171.39,166.63,168.42,76266949.0
9401,2024-03-11,170.63,172.07,169.74,170.44,60139468.0
9402,2024-03-12,170.84,171.72,168.7,170.92,59824896.0
9403,2024-03-13,170.46,170.875,168.45,168.82,52488383.0
9404,2024-03-14,170.6,171.9978,169.74,170.69,72913285.0
9405,2024-03-15,168.86,170.31,167.975,170.31,121752612.0
9406,2024-03-18,173.26,175.4,171.21,171.41,75604154.0
9407,2024-03-19,172.03,174.295,170.72,173.77,55215164.0
9408,2024-03-20,173.41,176.36,172.78,176.36,53423022.0
9409,2024-03-21,174.74,175.18,168.53,169.06,106181174.0
9410,2024-03-22,169.45,170.74,167.75,169.97,71159977.0
9411,2024-03-25,168.255,169.63,167.14,168.54,54288126.0
9412,2024-03-26,167.69,169.11,167.27,167.4,57388243.0
9413,2024-03-27,168.1,171.29,167.8,171.0,60273206.0
9414,2024-03-28,169.44,169.92,168.2,169.17,65672690.0
9415,2024-04-01,168.88,168.94,167.17,167.72,46240500.0
9416,2024-04-02,166.77,167.03,165.92,166.53,49329481.0
9417,2024-04-03,166.48,168.37,166.27,167.34,47691715.0
9418,2024-04-04,167.98,169.61,166.51,166.51,53704386.0
9419,2024-04-05,167.28,168.08,166.64,167.27,42104826.0
9420,2024-04-08,166.72,166.89,165.93,166.14,37425513.0
9421,2024-04-09,166.39,167.77,166.04,167.36,42451209.0
9422,2024-04-10,166.49,166.78,164.8,165.47,49709336.0
9423,2024-04-11,166.03,173.15,165.85,172.73,91070275.0
9424,2024-04-12,171.95,176.05,171.9,174.24,101670886.0
9425,2024-04-15,173.05,174.32,170.19,170.38,73531773.0
9426,2024-04-16,169.44,171.45,165.96,167.07,73711235.0
9427,2024-04-17,167.3,168.34,165.69,165.69,50901210.0
9428,2024-04-18,165.72,166.33,164.24,164.73,43122903.0
9429,2024-04-19,163.9,164.09,161.77,162.69,68149377.0
9430,2024-04-22,163.21,164.95,162.46,163.53,48116443.0
9431,2024-04-23,163.04,164.74,162.61,164.59,49537761.0
9432,2024-04-24,164.23,166.99,163.9,166.71,48251835.0
9433,2024-04-25,167.22,168.3,165.84,167.58,50558329.0
9434,2024-04-26,167.57,169.03,166.87,166.99,44838354.0
9435,2024-04-29,171.06,173.72,170.79,171.19,68169419.0
9436,2024-04-30,171.02,172.68,167.69,168.02,65934776.0
9437,2024-05-01,167.27,170.4,166.8,166.99,50383147.0
9438,2024-05-02,170.2,171.11,168.58,170.72,94214915.0
9439,2024-05-03,184.335,184.69,180.35,181.07,163223714.0
9440,2024-05-06,180.044,181.89,178.11,179.4,78569574.0
9441,2024-05-07,181.14,182.59,179.01,180.09,77305341.0
9442,2024-05-08,180.54,180.76,179.14,180.43,45056899.0
9443,2024-05-09,180.25,182.35,179.8,182.26,48981797.0
9444,2024-05-10,182.84,183.03,180.07,180.99,50759495.0
9445,2024-05-13,183.375,185.04,182.56,184.22,72044733.0
9446,2024-05-14,185.45,186.24,184.23,185.37,52393609.0
9447,2024-05-15,185.85,188.59,185.31,187.66,70399929.0
9448,2024-05-16,188.41,189.035,187.6001,187.78,52845139.0
9449,2024-05-17,187.45,188.75,187.12,187.81,41282905.0
9450,2024-05-20,187.265,189.8599,186.95,188.98,44361266.0
9451,2024-05-21,189.03,190.67,188.8601,190.29,42309399.0
9452,2024-05-22,190.205,190.7631,188.21,188.84,34648342.0
9453,2024-05-23,188.92,188.94,184.565,184.82,51005905.0
9454,2024-05-24,186.76,188.52,185.9804,187.92,36326975.0
9455,2024-05-28,189.45,190.94,187.04,187.93,52279828.0
9456,2024-05-29,187.55,190.187,187.45,188.23,53068004.0
9457,2024-05-30,188.7,190.12,188.57,189.23,49947924.0
9458,2024-05-31,189.38,190.51,187.85,190.19,75158276.0
9459,2024-06-03,190.84,192.93,190.46,191.97,50080442.0
9460,2024-06-04,192.575,193.26,190.9742,192.29,47471127.0
9461,2024-06-05,193.34,194.84,192.81,193.81,54156781.0
9462,2024-06-06,193.625,194.44,192.11,192.42,41181752.0
9463,2024-06-07,192.59,194.88,192.08,194.83,53103885.0
9464,2024-06-10,194.84,195.24,190.09,191.06,97262011.0
9465,2024-06-11,191.59,205.1,191.57,205.09,172373286.0
9466,2024-06-12,205.31,218.14,204.84,211.01,198134281.0
9467,2024-06-13,212.68,214.69,209.54,212.18,97862406.0
9468,2024-06-14,211.79,213.11,209.24,210.43,70122699.0
9469,2024-06-17,211.31,216.89,210.66,214.61,93728290.0
9470,2024-06-18,215.53,216.57,210.94,212.23,79943203.0
9471,2024-06-20,211.87,212.18,206.79,207.62,86172434.0
9472,2024-06-21,208.33,209.83,205.05,205.43,246421144.0
9473,2024-06-24,205.66,210.64,204.53,206.08,80726994.0
9474,2024-06-25,207.09,209.32,206.55,207.01,56713839.0
9475,2024-06-26,209.44,212.8,208.58,211.19,66212994.0
9476,2024-06-27,212.63,213.6795,210.29,212.04,49772706.0
9477,2024-06-28,213.71,214.01,208.24,208.56,82542718.0
9478,2024-07-01,210.03,215.45,209.86,214.69,60402663.0
9479,2024-07-02,214.09,218.32,213.04,218.21,58045870.0
9480,2024-07-03,217.94,219.49,216.97,219.49,37124249.0
9481,2024-07-05,219.59,224.39,219.59,224.28,60412394.0
9482,2024-07-08,225.03,225.79,221.19,225.76,59085858.0
9483,2024-07-09,225.87,227.34,224.3121,226.62,48169810.0
9484,2024-07-10,227.24,231.02,227.19,230.92,62627506.0
9485,2024-07-11,229.33,230.33,223.71,225.51,64710562.0
9486,2024-07-12,226.86,230.58,226.62,228.48,53046495.0
9487,2024-07-15,234.42,235.17,231.03,232.34,62631251.0
9488,2024-07-16,232.94,234.21,230.27,232.76,43234040.0
9489,2024-07-17,227.39,229.3999,224.58,226.82,57345884.0
9490,2024-07-18,228.22,228.38,220.21,222.12,66034513.0
9491,2024-07-19,222.76,224.74,221.215,222.25,49151450.0
9492,2024-07-22,224.95,225.72,221.03,221.9,48201644.0
9493,2024-07-23,222.305,224.88,220.62,222.95,39960256.0
9494,2024-07-24,221.94,222.74,215.07,216.48,61777333.0
9495,2024-07-25,216.87,218.79,212.56,215.43,51390839.0
9496,2024-07-26,216.64,217.43,213.95,215.9,41601145.0
9497,2024-07-29,214.9,217.24,213.69,216.18,36311778.0
9498,2024-07-30,217.13,218.265,214.06,216.74,41643559.0
9499,2024-07-31,219.38,221.76,218.57,220.02,50036262.0
9500,2024-08-01,222.31,222.42,214.96,216.3,62500976.0
9501,2024-08-02,217.09,223.54,215.65,217.8,105568452.0
9502,2024-08-05,197.03,211.44,193.94,207.21,119548525.0
9503,2024-08-06,203.24,207.93,199.01,205.17,69660455.0
9504,2024-08-07,204.84,211.58,204.33,207.76,63516009.0
9505,2024-08-08,211.05,212.14,206.77,211.25,47161022.0
9506,2024-08-09,210.04,214.72,209.91,214.18,42201622.0
9507,2024-08-12,214.26,217.6999,213.79,215.72,38028092.0
9508,2024-08-13,217.2,220.08,217.2,219.46,44155331.0
9509,2024-08-14,218.76,221.22,217.89,219.91,41960574.0
9510,2024-08-15,222.79,223.54,220.95,222.91,46413923.0
9511,2024-08-16,222.11,225.0171,221.8401,224.24,44340011.0
9512,2024-08-19,223.91,224.18,221.23,224.08,40687787.0
9513,2024-08-20,223.96,225.36,223.64,224.7,30298722.0
9514,2024-08-21,224.71,226.17,223.24,224.59,34765326.0
9515,2024-08-22,225.98,226.53,222.09,222.72,43695246.0
9516,2024-08-23,223.8489,226.41,222.52,225.03,38677245.0
9517,2024-08-26,224.95,225.47,222.0805,225.37,30602162.0
9518,2024-08-27,224.185,227.04,223.08,226.22,35934550.0
9519,2024-08-28,226.11,228.05,223.87,224.68,38052009.0
9520,2024-08-29,228.29,231.11,227.07,227.98,51906147.0
9521,2024-08-30,228.38,228.59,225.67,227.19,52990754.0
9522,2024-09-03,226.74,227.19,219.36,220.96,50190496.0
9523,2024-09-04,219.85,219.97,215.67,219.04,43840185.0
9524,2024-09-05,219.815,223.67,219.71,220.57,36615398.0
9525,2024-09-06,222.14,223.43,217.96,219.01,48422989.0
9526,2024-09-09,219.01,219.46,214.9,219.1,67179964.0
9527,2024-09-10,217.11,219.67,214.92,218.3,51590919.0
9528,2024-09-11,219.645,221.28,216.08,220.85,44587072.0
9529,2024-09-12,220.69,221.74,218.01,220.96,37498225.0
9530,2024-09-13,221.77,222.23,220.1,220.69,36766529.0
9531,2024-09-16,214.73,215.41,212.11,214.51,59357427.0
9532,2024-09-17,213.94,215.09,212.69,214.98,45519339.0
9533,2024-09-18,215.74,220.9,215.73,218.88,59894927.0
9534,2024-09-19,223.18,228.01,222.82,227.06,66781310.0
9535,2024-09-20,228.16,231.28,225.81,226.39,318679842.0
9536,2024-09-23,225.53,227.64,224.0,224.66,54145958.0
9537,2024-09-24,226.835,227.54,223.92,225.56,43556024.0
9538,2024-09-25,223.12,225.48,222.21,224.56,42308665.0
9539,2024-09-26,225.49,226.69,223.6,225.71,36636697.0
9540,2024-09-27,226.65,227.71,225.49,225.98,34025897.0
9541,2024-09-30,228.23,231.19,227.84,231.19,54793382.0
9542,2024-10-01,227.71,227.84,221.93,224.4,63284925.0
9543,2024-10-02,224.08,225.56,221.21,224.97,32880300.0
9544,2024-10-03,223.33,224.995,221.51,223.86,34044127.0
9545,2024-10-04,226.09,226.19,222.32,224.99,37345068.0
9546,2024-10-07,222.69,223.88,219.52,219.88,39505338.0
9547,2024-10-08,222.49,224.17,221.44,223.96,31855693.0
9548,2024-10-09,223.42,227.94,223.02,227.73,33590963.0
9549,2024-10-10,225.97,227.69,225.36,227.23,28183544.0
9550,2024-10-11,227.49,227.6,225.53,225.74,31759187.0
9551,2024-10-14,226.89,229.92,226.79,229.49,39881968.0
9552,2024-10-15,231.8,235.68,230.56,232.04,64751367.0
9553,2024-10-16,229.79,230.31,228.03,229.97,34082213.0
9554,2024-10-17,231.62,232.04,228.71,230.34,32993610.0
9555,2024-10-18,234.37,234.37,232.2,233.19,46431468.0
9556,2024-10-21,232.64,235.04,232.64,234.67,36254409.0
9557,2024-10-22,232.075,234.41,230.79,234.05,38846363.0
9558,2024-10-23,232.27,233.334,225.95,228.95,52286739.0
9559,2024-10-24,228.17,229.01,226.6,228.76,31109443.0
9560,2024-10-25,227.93,231.41,227.76,229.6,38801850.0
9561,2024-10-28,231.51,232.92,230.74,231.59,36086980.0
9562,2024-10-29,231.29,232.515,230.51,231.86,35417159.0
9563,2024-10-30,230.8,231.66,227.74,228.29,47070907.0
9564,2024-10-31,227.53,228.02,223.56,224.1,64370085.0
9565,2024-11-01,219.155,223.54,218.46,221.1,65276720.0
9566,2024-11-04,219.18,220.98,217.9,220.2,44944242.0
9567,2024-11-05,219.985,222.14,219.33,221.64,28111331.0
9568,2024-11-06,220.8,224.255,219.38,220.91,54561121.0
9569,2024-11-07,222.815,226.065,222.76,225.67,42137616.0
9570,2024-11-08,225.61,227.1,224.845,225.4,38328770.0
9571,2024-11-11,223.44,224.14,219.94,222.67,42005304.0
9572,2024-11-12,222.99,224.03,221.795,222.67,40398181.0
9573,2024-11-13,222.45,225.09,221.2,223.56,48566217.0
9574,2024-11-14,223.46,227.31,223.44,226.66,44923426.0
9575,2024-11-15,224.84,225.36,222.71,223.44,47923639.0
9576,2024-11-18,223.69,228.18,223.61,226.46,44685799.0
9577,2024-11-19,225.42,228.6,225.1,226.72,36211357.0
9578,2024-11-20,226.5,228.37,224.33,227.44,35169566.0
9579,2024-11-21,227.32,228.595,224.1503,226.96,42108253.0
9580,2024-11-22,226.5,229.1599,226.5,228.31,38167924.0
9581,2024-11-25,229.9,231.685,228.18,231.31,90152830.0
9582,2024-11-26,231.77,234.01,231.77,233.5,45986189.0
9583,2024-11-27,232.905,234.13,232.2501,233.37,33498051.0
9584,2024-11-29,233.245,236.25,232.41,235.77,28234830.0
9585,2024-12-02,235.71,239.23,235.6,238.03,48136919.0
9586,2024-12-03,238.25,241.2,237.34,241.09,38860816.0
9587,2024-12-04,241.31,242.55,239.69,241.45,44383930.0
9588,2024-12-05,242.43,242.98,240.57,241.48,40033859.0
9589,2024-12-06,241.345,243.07,240.52,241.28,36870617.0
9590,2024-12-09,240.27,245.68,240.19,245.19,44649231.0
9591,2024-12-10,245.33,246.65,243.78,246.21,36914707.0
9592,2024-12-11,246.4,249.24,244.7001,244.93,45205620.0
9593,2024-12-12,245.33,247.18,244.12,246.4,32777525.0
9594,2024-12-13,246.255,247.7302,244.68,246.57,33155207.0
9595,2024-12-16,246.43,249.82,246.09,249.48,51694654.0
9596,2024-12-17,248.52,252.27,248.22,251.92,51356319.0
9597,2024-12-18,250.6,252.72,246.18,246.49,56774097.0
9598,2024-12-19,245.94,250.44,245.5349,248.23,60882204.0
9599,2024-12-20,246.48,253.44,244.13,252.93,147495266.0
9600,2024-12-23,253.21,254.09,251.89,253.71,40858774.0
9601,2024-12-24,253.93,256.65,253.73,256.64,20968585.0
9602,2024-12-26,256.63,258.54,256.07,257.46,27262774.0
9603,2024-12-27,256.27,257.14,251.5,254.03,42355256.0
9604,2024-12-30,250.67,251.94,249.19,250.64,35557542.0
9605,2024-12-31,250.88,251.72,247.87,248.86,39480442.0
9606,2025-01-02,247.37,247.54,240.2601,242.29,55740727.0
9607,2025-01-03,241.8,242.62,240.33,241.8,40244098.0
9608,2025-01-06,242.75,245.77,241.64,243.44,45045570.0
9609,2025-01-07,241.42,243.99,239.79,240.65,40855888.0
9610,2025-01-08,240.36,242.1523,238.49,241.14,37628938.0
9611,2025-01-10,238.45,238.6,231.44,235.29,61710839.0
9612,2025-01-13,231.97,233.11,228.16,232.84,49630589.0
9613,2025-01-14,233.19,234.56,230.912,231.72,39435194.0
9614,2025-01-15,233.075,237.4,232.87,236.31,39831968.0
9615,2025-01-16,235.79,236.45,226.47,226.7,71758956.0
9616,2025-01-17,230.555,230.73,226.92,228.42,68488066.0
9617,2025-01-21,222.44,222.86,217.82,221.08,98070285.0
9618,2025-01-22,218.23,222.56,218.23,222.27,64126500.0
9619,2025-01-23,223.18,225.47,220.74,222.1,60234680.0
9620,2025-01-24,223.22,224.07,219.85,221.22,54697821.0
9621,2025-01-27,222.46,230.59,222.42,228.3,94863311.0
9622,2025-01-28,229.29,238.63,229.25,236.7,75707549.0
9623,2025-01-29,232.56,238.295,232.45,237.8,45486094.0
9624,2025-01-30,237.105,239.23,235.65,236.03,55658036.0
9625,2025-01-31,245.63,245.63,231.88,234.44,101075110.0
9626,2025-02-03,228.43,230.27,224.14,226.45,73063240.0
9627,2025-02-04,225.69,231.57,225.09,231.24,45067234.0
9628,2025-02-05,226.97,231.11,226.71,230.91,39664953.0
9629,2025-02-06,229.725,232.24,228.865,231.66,29924943.0
9630,2025-02-07,231.04,232.44,225.7,226.07,39707148.0
9631,2025-02-10,228.26,229.275,225.89,226.34,33115573.0
9632,2025-02-11,226.89,233.92,226.82,231.31,53717894.0
9633,2025-02-12,229.89,235.65,229.37,235.56,45242936.0
9634,2025-02-13,235.6,241.0299,234.26,240.22,53614052.0
9635,2025-02-14,239.94,244.24,239.68,243.29,40896125.0
9636,2025-02-18,242.84,243.87,240.53,243.16,48822355.0
9637,2025-02-19,243.35,244.7,241.8504,243.56,32204015.0
9638,2025-02-20,243.63,245.47,242.98,244.52,32316907.0
9639,2025-02-21,244.64,247.38,243.91,244.24,53197360.0
9640,2025-02-24,243.615,247.55,243.11,245.79,51326021.0
9641,2025-02-25,246.69,248.69,243.6,245.73,48013196.0
9642,2025-02-26,243.02,243.67,237.82,239.05,44433359.0
9643,2025-02-27,238.1,241.15,235.75,235.99,41153349.0
9644,2025-02-28,235.64,240.78,228.89,240.53,56833310.0
9645,2025-03-03,240.48,242.7172,234.802,236.72,47183985.0
9646,2025-03-04,236.395,238.76,233.37,234.62,53797735.0
9647,2025-03-05,234.11,235.24,227.92,234.43,47227643.0
9648,2025-03-06,233.125,236.55,231.8481,234.02,45170419.0
9649,2025-03-07,233.795,240.06,233.45,237.76,46273564.0
9650,2025-03-10,234.23,234.85,222.91,226.17,72070924.0
9651,2025-03-11,222.495,224.5299,216.14,219.53,76137395.0
9652,2025-03-12,218.83,220.44,213.6,215.67,62546947.0
9653,2025-03-13,214.64,215.5294,207.11,208.37,61368329.0
9654,2025-03-14,209.94,212.64,208.27,212.18,60107524.0
9655,2025-03-17,212.0,213.91,208.66,212.69,48073426.0
9656,2025-03-18,212.85,213.84,210.18,211.38,42432426.0
9657,2025-03-19,212.91,217.45,212.44,213.93,54385154.0
9658,2025-03-20,212.68,216.1799,210.91,212.79,48862686.0
9659,2025-03-21,210.25,217.53,209.97,216.96,94127168.0
9660,2025-03-24,219.69,220.17,217.27,219.42,44299481.0
9661,2025-03-25,219.46,222.79,218.77,222.44,34493551.0
9662,2025-03-26,222.2,223.71,219.16,220.22,34532656.0
9663,2025-03-27,220.08,223.68,219.2501,222.54,37094774.0
9664,2025-03-28,220.36,222.5,216.37,216.59,39818617.0
9665,2025-03-31,215.695,224.31,214.92,220.82,65299321.0
9666,2025-04-01,218.495,222.37,217.59,221.88,36412484.0
9667,2025-04-02,220.005,223.88,219.71,222.58,35905778.0
9668,2025-04-03,204.23,206.18,199.94,201.88,103418657.0
9669,2025-04-04,192.58,198.57,186.03,187.07,125910308.0
9670,2025-04-07,175.89,192.84,173.31,180.15,160466254.0
9671,2025-04-08,185.39,189.025,167.9001,171.11,120859488.0
9672,2025-04-09,170.64,199.3,170.58,197.54,184395885.0
9673,2025-04-10,187.755,193.4699,181.69,189.11,121879825.0
9674,2025-04-11,184.79,198.23,184.75,196.84,87435811.0
9675,2025-04-14,210.13,211.63,199.8521,201.21,101352816.0
9676,2025-04-15,200.545,202.2,198.49,200.83,51343832.0
9677,2025-04-16,197.05,199.39,191.06,192.96,59732310.0
9678,2025-04-17,195.89,197.5235,193.11,195.67,52164583.0
9679,2025-04-21,191.955,192.49,188.5012,191.85,46742537.0
9680,2025-04-22,194.81,200.28,194.66,198.43,52975852.0
9681,2025-04-23,204.69,206.69,201.489,203.29,52929145.0
9682,2025-04-24,203.58,207.5199,201.63,207.06,47310928.0
9683,2025-04-25,205.055,208.44,204.89,207.97,38222233.0
9684,2025-04-28,208.69,210.19,206.15,208.83,38742989.0
9685,2025-04-29,207.383,210.93,207.06,209.9,36827481.0
9686,2025-04-30,207.99,212.27,205.3605,211.19,52286229.0
9687,2025-05-01,207.77,213.25,207.59,212.01,57365674.0
9688,2025-05-02,204.78,205.68,200.85,204.04,101010494.0
9689,2025-05-05,201.79,202.79,196.9,197.58,69018393.0
9690,2025-05-06,196.9,199.34,195.71,197.2,51216428.0
9691,2025-05-07,197.86,198.13,191.94,194.94,68616943.0
9692,2025-05-08,196.41,198.74,193.3696,196.18,50478522.0
9693,2025-05-09,197.69,199.2299,196.225,197.22,36453822.0
9694,2025-05-12,209.92,210.2179,205.7,209.74,63775814.0
9695,2025-05-13,209.38,212.35,207.95,211.88,51909319.0
9696,2025-05-14,211.38,212.89,209.5301,211.28,49325595.0
9697,2025-05-15,209.9,211.91,208.49,210.4,45029441.0
9698,2025-05-16,211.31,211.52,208.72,210.21,54737779.0
9699,2025-05-19,206.86,208.43,203.21,207.73,46140474.0
9700,2025-05-20,206.62,207.42,203.98,205.81,42496414.0
9701,2025-05-21,204.12,205.99,199.66,201.04,59211623.0
9702,2025-05-22,199.66,201.7,198.65,200.31,46742407.0
9703,2025-05-23,192.615,196.65,192.41,194.22,78432849.0
9704,2025-05-27,197.25,199.69,196.38,199.16,56288417.0
9705,2025-05-28,199.54,201.68,198.85,199.37,45339533.0
9706,2025-05-29,202.525,202.76,197.46,198.9,51477938.0
9707,2025-05-30,198.32,200.91,195.73,199.8,70819942.0
9708,2025-06-02,199.23,201.08,199.07,200.65,35423023.0
9709,2025-06-03,200.3,202.72,199.905,202.22,46381267.0
9710,2025-06-04,201.86,205.19,201.05,201.77,43603984.0
9711,2025-06-05,202.45,203.7,199.1,199.58,55220483.0
9712,2025-06-06,201.95,204.65,201.0,202.87,46607044.0
9713,2025-06-09,203.34,204.95,198.97,200.4,72862557.0
9714,2025-06-10,199.55,203.3,199.52,201.62,54672478.0
9715,2025-06-11,202.45,203.45,197.36,197.73,60989806.0
9716,2025-06-12,198.03,198.63,196.3101,198.15,43904219.0
9717,2025-06-13,198.68,199.32,194.65,195.4,51447344.0
9718,2025-06-16,196.25,197.635,195.5136,197.37,43020685.0
9719,2025-06-17,196.15,197.34,194.16,194.59,38855812.0
9720,2025-06-18,194.89,196.52,194.02,195.53,45394686.0
9721,2025-06-20,197.185,200.65,195.805,199.95,96813485.0
9722,2025-06-23,200.575,201.25,197.91,200.45,55814122.0
9723,2025-06-24,201.54,202.39,199.15,199.25,54063931.0
9724,2025-06-25,200.4,202.62,199.5701,200.51,39525728.0
9725,2025-06-26,200.38,201.59,198.41,199.95,50799041.0
9726,2025-06-27,200.84,202.17,198.95,200.03,73188396.0
9727,2025-06-30,200.96,206.34,198.2107,204.12,91912798.0
9728,2025-07-01,205.615,209.1365,205.0901,206.77,78788866.0
9729,2025-07-02,207.86,212.29,207.09,211.39,67941811.0
9730,2025-07-03,211.095,213.6,210.7601,212.5,34707833.0
9731,2025-07-07,211.63,215.18,207.75,208.9,50228959.0
9732,2025-07-08,209.05,210.38,207.4,208.96,42848928.0
9733,2025-07-09,208.48,210.28,206.17,210.09,48749277.0
9734,2025-07-10,209.455,212.43,208.98,211.36,44443614.0
9735,2025-07-11,209.515,211.08,208.81,210.11,39765734.0
9736,2025-07-14,208.875,209.86,206.49,207.57,38840111.0
9737,2025-07-15,208.17,210.84,207.87,208.06,42296339.0
9738,2025-07-16,209.245,211.35,207.59,209.11,47490530.0
9739,2025-07-17,209.52,210.75,208.54,208.97,48068141.0
9740,2025-07-18,209.82,210.74,208.6545,210.13,48974588.0
9741,2025-07-21,211.05,214.73,210.58,211.43,51377358.0
9742,2025-07-22,212.09,213.9,211.1801,213.35,46403972.0
9743,2025-07-23,213.95,214.1,211.36,213.1,46989272.0
9744,2025-07-24,212.85,214.64,212.48,212.71,46022620.0
9745,2025-07-25,213.65,214.19,212.35,212.83,40268686.0
9746,2025-07-28,212.98,213.795,212.01,213.0,37857992.0
9747,2025-07-29,213.125,213.76,209.77,210.22,51411721.0
9748,2025-07-30,210.845,211.34,206.67,208.0,45512393.0
9749,2025-07-31,207.44,208.79,206.11,206.52,80698392.0
9750,2025-08-01,209.815,212.53,200.45,201.33,104434472.0
9751,2025-08-04,203.455,206.83,200.625,202.3,75109291.0
9752,2025-08-05,202.35,204.29,201.11,201.87,44154854.0
9753,2025-08-06,204.58,214.33,204.54,212.2,108483103.0
9754,2025-08-07,217.825,219.8,215.53,218.98,90224834.0
9755,2025-08-08,219.78,229.95,218.2,228.3,113853412.0
9756,2025-08-11,227.13,228.77,223.97,226.39,61806086.0
9757,2025-08-12,227.215,230.01,226.28,228.86,55672299.0
9758,2025-08-13,230.28,234.21,229.64,232.54,69878545.0
9759,2025-08-14,233.265,234.33,230.06,231.99,51916242.0
9760,2025-08-15,233.21,233.49,228.545,230.8,56038587.0
9761,2025-08-18,230.91,232.33,229.32,230.1,37476149.0
9762,2025-08-19,230.485,232.08,228.56,229.77,39402455.0
9763,2025-08-20,229.19,229.68,224.98,225.22,42263854.0
9764,2025-08-21,225.48,225.73,222.9904,224.11,30620838.0
9765,2025-08-22,225.38,228.3,224.62,226.97,42477803.0
9766,2025-08-25,225.69,228.51,225.44,226.37,30983024.0
9767,2025-08-26,226.08,228.7,223.9,228.52,54574913.0
9768,2025-08-27,227.82,230.11,227.47,229.7,31259478.0
9769,2025-08-28,230.03,232.62,228.545,231.77,38074679.0
9770,2025-08-29,231.72,232.59,230.58,231.35,39418268.0
9771,2025-09-02,228.46,230.06,226.18,228.93,44075552.0
9772,2025-09-03,236.42,238.06,233.57,237.68,66427742.0
9773,2025-09-04,237.66,239.1099,235.95,238.99,47549396.0
9774,2025-09-05,239.205,240.53,237.7001,238.9,54870397.0
9775,2025-09-08,238.51,239.36,235.55,237.09,48999440.0
9776,2025-09-09,236.21,237.9905,232.57,233.56,66313868.0
9777,2025-09-10,231.395,231.63,225.16,226.0,83440810.0
9778,2025-09-11,226.085,229.66,225.86,229.24,50207866.0
9779,2025-09-12,228.43,233.72,228.23,233.28,55824075.0
9780,2025-09-15,236.21,237.4,234.24,235.91,42699514.0
9781,2025-09-16,236.385,240.43,235.5335,237.36,63421098.0
9782,2025-09-17,238.18,239.31,236.9401,238.2,46508017.0
9783,2025-09-18,239.18,240.41,235.86,237.09,44249563.0
9784,2025-09-19,240.435,245.51,239.4206,244.71,163741269.0
9785,2025-09-22,247.51,255.85,247.33,255.29,105517415.0
9786,2025-09-23,255.085,256.55,252.79,253.64,60275126.0
9787,2025-09-24,254.43,254.95,250.25,251.52,42303706.0
9788,2025-09-25,252.415,256.38,250.922,256.08,55202013.0
9789,2025-09-26,253.305,256.81,252.99,254.67,46076136.0
9790,2025-09-29,253.77,254.21,252.22,253.64,40127520.0
9791,2025-09-30,254.065,255.129,252.32,253.84,37703571.0
9792,2025-10-01,254.25,258.0,254.14,254.66,48713820.0
9793,2025-10-02,255.785,257.39,253.36,256.34,42630179.0
9794,2025-10-03,253.875,258.45,253.16,257.23,49155614.0
9795,2025-10-06,257.2,258.28,254.26,255.9,44664081.0
9796,2025-10-07,256.015,256.61,254.64,255.69,31955297.0
9797,2025-10-08,255.73,257.73,255.32,257.27,36496845.0
9798,2025-10-09,257.015,257.21,252.35,253.25,38321900.0
9799,2025-10-10,254.15,255.59,243.21,244.48,61999050.0
9800,2025-10-13,248.59,248.9,244.77,246.87,38142755.0
9801,2025-10-14,245.81,248.055,243.91,246.98,35477865.0
9802,2025-10-15,248.695,251.03,246.68,248.55,33893577.0
9803,2025-10-16,247.46,248.25,244.34,246.66,39776781.0
9804,2025-10-17,247.23,252.59,246.48,251.5,49146662.0
9805,2025-10-20,255.095,263.585,254.84,261.45,90483005.0
9806,2025-10-21,261.09,264.5,261.04,261.98,46695671.0
9807,2025-10-22,261.86,262.06,254.64,257.66,45015182.0
9808,2025-10-23,259.15,259.83,257.2201,258.79,32754925.0
9809,2025-10-24,260.4,263.34,258.39,262.03,38253714.0
9810,2025-10-27,264.09,268.33,263.8601,268.02,44888152.0
9811,2025-10-28,268.195,269.1,267.36,268.21,41534759.0
9812,2025-10-29,268.485,270.62,266.32,268.91,51086687.0
9813,2025-10-30,271.2,273.35,267.69,270.61,69886534.0
9814,2025-10-31,276.2,276.53,268.37,269.58,86167061.0
9815,2025-11-03,269.63,270.06,265.46,268.26,50194575.0
9816,2025-11-04,267.535,270.696,266.825,269.25,49274846.0
9817,2025-11-05,267.82,270.91,266.14,269.35,43682531.0
9818,2025-11-06,267.1,272.61,267.1,268.98,51203783.0
9819,2025-11-07,269.005,271.5,265.98,267.68,48227176.0
9820,2025-11-10,268.43,273.2,266.925,268.9,41312151.0
9821,2025-11-11,269.28,275.38,269.27,274.72,46208200.0
9822,2025-11-12,274.47,275.2,271.17,272.94,48397981.0
9823,2025-11-13,273.58,276.169,271.56,272.42,49602754.0
9824,2025-11-14,270.52,275.43,269.07,271.88,47431331.0
9825,2025-11-17,268.285,269.96,265.2,266.93,45018260.0
9826,2025-11-18,269.46,270.18,264.79,266.91,45677169.0
9827,2025-11-19,264.995,271.68,264.97,268.03,40424414.0
9828,2025-11-20,270.3,274.9,265.39,265.72,45823540.0
9829,2025-11-21,265.42,272.8,265.14,270.96,59030832.0
9830,2025-11-24,270.37,276.47,270.37,275.39,65585613.0
9831,2025-11-25,274.74,279.85,274.72,276.44,46914220.0
9832,2025-11-26,276.43,279.0,276.1,277.02,33431421.0
9833,2025-11-28,276.73,278.47,275.4565,278.32,19039075.0
9834,2025-12-01,277.48,282.89,275.61,282.57,46587722.0
9835,2025-12-02,282.47,286.87,282.1001,285.66,53669393.0
9836,2025-12-03,285.67,288.09,282.77,283.62,43538674.0
9837,2025-12-04,283.565,284.2,278.06,280.17,43989031.0
9838,2025-12-05,280.01,280.61,277.52,278.25,47265691.0
9839,2025-12-08,277.6,279.1393,275.62,277.36,38211741.0
9840,2025-12-09,277.63,279.5,276.39,276.65,32192972.0
9841,2025-12-10,277.22,279.22,275.91,278.25,33038011.0
9842,2025-12-11,278.565,279.06,273.28,277.5,33247766.0
9843,2025-12-12,277.37,278.69,276.29,277.75,39532668.0
9844,2025-12-15,279.62,279.62,272.31,273.58,50409068.0
9845,2025-12-16,272.29,274.97,271.26,274.08,37648627.0
9846,2025-12-17,274.48,275.63,271.11,271.31,50138466.0
9847,2025-12-18,273.075,273.1,266.42,271.66,51630473.0
9848,2025-12-19,271.615,274.07,269.37,273.14,144631573.0
9849,2025-12-22,272.33,273.35,269.975,270.44,36571827.0
9850,2025-12-23,270.31,271.97,269.03,271.83,29641997.0
9851,2025-12-24,271.81,274.9,271.665,273.28,17133225.0
9852,2025-12-26,273.63,274.84,272.33,272.87,21521796.0
9853,2025-12-29,272.16,273.83,271.82,273.23,23714986.0
9854,2025-12-30,272.28,273.55,271.75,272.55,22139615.0
9855,2025-12-31,272.53,273.15,271.22,271.33,27293584.0
9856,2026-01-02,271.725,277.31,268.47,270.48,37838054.0
9857,2026-01-05,270.11,270.98,265.61,266.73,45647185.0
9858,2026-01-06,266.47,267.02,261.59,261.83,52352090.0
9859,2026-01-07,262.67,263.15,259.28,259.8,48309414.0
9860,2026-01-08,256.49,258.76,255.17,258.51,50419336.0
9861,2026-01-09,258.545,259.68,255.69,258.84,39996966.0
9862,2026-01-12,258.63,260.77,256.27,259.72,45263372.0
9863,2026-01-13,258.19,261.28,257.86,260.52,45730796.0
9864,2026-01-14,258.96,261.29,256.18,259.43,40019349.0
9865,2026-01-15,260.12,260.51,256.52,257.68,39388475.0
9866,2026-01-16,257.37,258.37,254.4,255.0,72142772.0
9867,2026-01-20,252.2,254.26,242.89,246.17,80267504.0
9868,2026-01-21,248.17,251.03,244.65,247.12,54641725.0
9869,2026-01-22,248.67,250.47,247.62,247.82,39708293.0
9870,2026-01-23,246.79,248.88,244.15,247.51,41688953.0
9871,2026-01-26,250.95,256.03,249.27,254.88,55969183.0
9872,2026-01-27,258.64,261.42,257.68,257.74,49648271.0
9873,2026-01-28,257.12,258.325,253.98,255.91,41287969.0
9874,2026-01-29,257.47,259.12,253.88,257.75,67252891.0
9875,2026-01-30,254.635,261.3699,251.65,258.95,92443303.0
9876,2026-02-02,259.5,269.96,258.675,269.48,73913423.0
9877,2026-02-03,268.67,271.345,267.08,268.95,64394650.0
9878,2026-02-04,271.755,278.42,271.755,275.96,90545398.0
9879,2026-02-05,277.6,278.97,272.7,275.38,52977396.0
9880,2026-02-06,276.59,280.375,276.395,277.59,50453279.0
9881,2026-02-09,277.635,277.93,271.43,274.35,44623355.0
9882,2026-02-10,274.615,275.1,272.67,273.41,34376605.0
9883,2026-02-11,274.425,279.91,274.18,275.23,51931208.0
9884,2026-02-12,275.32,275.45,259.91,261.46,81077219.0
9885,2026-02-13,261.74,261.96,255.18,255.51,56290673.0
9886,2026-02-17,257.78,266.02,255.27,263.61,58468913.0
9887,2026-02-18,263.33,266.55,262.18,264.08,34202996.0
9888,2026-02-19,262.33,264.21,259.78,260.31,30845258.0
9889,2026-02-20,258.7,264.48,257.89,264.31,42070374.0
9890,2026-02-23,263.22,269.16,263.111,265.91,37308000.0
9891,2026-02-24,267.59,274.62,267.44,271.87,47014549.0
9892,2026-02-25,271.51,274.67,270.78,273.96,33714222.0
9893,2026-02-26,274.675,275.84,270.525,272.68,32345105.0
9894,2026-02-27,272.54,272.54,262.62,263.91,72366505.0
9895,2026-03-02,262.14,266.26,259.93,264.45,41827920.0
9896,2026-03-03,263.21,265.29,259.86,263.48,38568896.0
9897,2026-03-04,264.38,265.88,261.15,262.25,39802859.0
9898,2026-03-05,260.52,261.285,256.98,260.02,49658509.0
9899,2026-03-06,258.36,258.5,254.1,257.19,41119995.0
9900,2026-03-09,255.42,260.88,253.4105,259.61,38218531.0
9901,2026-03-10,257.375,262.21,256.68,260.56,30590691.0
9902,2026-03-11,260.82,261.86,259.28,260.54,26218534.0
9903,2026-03-12,258.39,258.68,253.91,255.49,40793922.0
9904,2026-03-13,255.21,256.06,249.25,249.85,36929911.0
9905,2026-03-16,251.835,253.615,249.61,252.55,32074181.0
9906,2026-03-17,252.685,254.86,251.91,253.96,32361394.0
9907,2026-03-18,252.355,254.67,248.73,249.67,35757686.0
9908,2026-03-19,249.13,251.56,247.03,248.69,34864055.0
9909,2026-03-20,247.705,248.9299,245.73,247.72,88331039.0
9910,2026-03-23,253.7,254.33,250.01,251.22,40546003.0
9911,2026-03-24,250.08,254.555,249.28,251.37,45151904.0
9912,2026-03-25,253.825,254.73,251.33,252.35,28476668.0
9913,2026-03-26,251.845,256.73,250.5,252.62,41796650.0
9914,2026-03-27,253.63,255.223,247.8,248.53,47899998.0
9915,2026-03-30,249.8,250.6,245.24,246.36,39446015.0
9916,2026-03-31,247.64,255.21,246.831,253.52,49597194.0
9917,2026-04-01,253.81,255.91,253.06,255.36,40059432.0
9918,2026-04-02,253.93,255.86,250.38,255.65,31288896.0
9919,2026-04-06,256.24,261.89,256.19,258.59,29329910.0
9920,2026-04-07,255.885,255.93,245.43,253.23,62147944.0
9921,2026-04-08,258.18,259.4799,256.26,258.63,41032627.0
9922,2026-04-09,258.73,260.85,255.8,260.22,28121302.0
9923,2026-04-10,259.71,261.92,258.7531,260.21,31291385.0
9924,2026-04-13,259.46,259.91,256.39,258.93,36234480.0
9925,2026-04-14,258.975,261.66,256.92,258.56,48370710.0
9926,2026-04-15,257.89,266.29,257.54,266.16,49913490.0
9927,2026-04-16,266.53,266.89,261.0,263.13,43322984.0
9928,2026-04-17,266.69,272.03,266.45,269.96,61436160.0
9929,2026-04-20,270.06,274.005,270.02,272.78,36590135.0
9930,2026-04-21,271.23,272.53,265.13,265.9,50209699.0
9931,2026-04-22,267.55,273.47,266.6,272.9,43249072.0
9932,2026-04-23,274.775,275.5,271.38,273.16,33399530.0
9933,2026-04-24,272.485,272.79,269.38,270.79,38156959.0
9934,2026-04-27,265.82,268.09,264.8,267.34,41466553.0
9935,2026-04-28,272.065,272.96,268.39,270.44,40018566.0
9936,2026-04-29,267.28,270.77,266.77,269.9,30047854.0
9937,2026-04-30,270.23,275.73,267.87,271.08,91848046.0
9938,2026-05-01,278.585,286.95,278.1,279.87,79915442.0
9939,2026-05-04,279.385,280.36,274.5901,276.56,46668395.0
9940,2026-05-05,276.655,284.3,276.231,283.91,49311712.0
9941,2026-05-06,281.645,287.76,280.8,287.24,58336056.0
9942,2026-05-07,289.0,291.86,285.51,287.17,45224299.0
9943,2026-05-08,289.74,294.49,289.73,293.05,52692736.0
9944,2026-05-11,291.979,293.88,290.23,292.68,42247239.0
9945,2026-05-12,292.56,295.27,292.56,294.8,45748129.0
9946,2026-05-13,293.5,300.92,293.5,298.87,52684226.0
9947,2026-05-14,299.82,300.45,295.38,298.21,35324918.0
9948,2026-05-15,297.9,303.2,296.52,300.23,54862836.0
9949,2026-05-18,300.24,300.66,294.91,297.84,34482925.0
9950,2026-05-19,296.97,300.51,296.35,298.97,42243561.0
9951,2026-05-20,298.18,302.8,298.08,302.25,38229843.0
9952,2026-05-21,301.055,305.54,300.4,304.99,42965126.0
9953,2026-05-22,306.12,311.4,305.84,308.82,43670211.0
9954,2026-05-26,309.56,311.82,307.67,308.33,48000493.0
9955,2026-05-27,308.33,313.26,308.3,310.85,50430918.0
9956,2026-05-28,310.68,312.8,309.57,312.51,48220309.0
9957,2026-05-29,311.775,315.0,309.53,312.06,70026752.0
9958,2026-06-01,309.625,310.94,305.02,306.31,48849913.0
9959,2026-06-02,307.46,315.45,306.685,315.2,44534686.0
9960,2026-06-03,314.175,316.94,308.85,310.26,50836553.0
9961,2026-06-04,313.23,313.54,309.65,311.23,44869122.0
9962,2026-06-05,312.86,315.17,307.15,307.34,65310417.0
9963,2026-06-08,308.739,317.4,301.17,301.54,77949069.0
9964,2026-06-09,300.275,300.75,287.78,290.55,70108797.0
9965,2026-06-10,290.74,294.75,287.38,291.58,52793241.0
9966,2026-06-11,293.72,297.0,289.59,295.63,42572471.0
9967,2026-06-12,296.03,297.14,289.62,291.13,38784770.0
9968,2026-06-15,294.12,297.78,291.7,296.42,45732467.0
9969,2026-06-16,295.245,300.48,293.97,299.24,39874404.0
9970,2026-06-17,300.845,302.07,294.36,295.95,42745016.0
9971,2026-06-18,298.11,300.57,295.62,298.01,85962167.0
9972,2026-06-22,297.31,302.42,296.76,297.01,44879903.0
9973,2026-06-23,297.538,301.64,294.18,294.3,52010924.0
9974,2026-06-24,295.355,299.7,292.94,293.08,53081699.0
9975,2026-06-25,287.4,288.8,273.75,275.15,107253600.0
9976,2026-06-26,275.0,285.95,274.21,283.78,261775448.0
9977,2026-06-29,286.73,288.3697,279.85,281.74,66427002.0
9978,2026-06-30,281.17,289.94,280.695,289.36,65100140.0
9979,2026-07-01,293.44,296.59,289.195,294.38,50164212.0
9980,2026-07-02,294.12,309.42,293.68,308.63,75400625.0
9981,2026-07-06,307.36,314.2,307.0,312.66,53589968.0
9982,2026-07-07,315.29,315.48,310.15,310.66,42490001.0
9983,2026-07-08,311.91,314.82,307.05,313.39,41323441.0
9984,2026-07-09,310.51,316.53,308.16,316.22,48124426.0
9985,2026-07-10,314.72,316.91,312.17,315.32,34132284.0
9986,2026-07-13,317.015,323.45,315.78,317.31,43257790.0
9987,2026-07-14,313.76,316.19,311.91,314.86,36336718.0
9988,2026-07-15,317.615,328.73,317.32,327.5,60957641.0
9989,2026-07-16,328.005,334.68,326.79,333.26,62970581.0
9990,2026-07-17,331.98,334.99,329.0006,333.74,63407018.0
9991,2026-07-20,333.505,333.71,323.68,326.59,53467988.0
9992,2026-07-21,323.13,329.6,322.2204,327.74,41338916.0
9993,2026-07-22,327.87,328.9995,323.34,325.89,38755929.0
9994,2026-07-23,321.73,323.3,319.35,321.66,40840661.0
9995,2026-07-24,321.79,334.37,321.62,333.02,47489415.0
9996,2026-07-27,334.54,339.57,334.02,336.91,49604213.0
9997,2026-07-28,340.03,342.89,335.6,340.08,51859037.0
9998,2026-07-29,339.73,344.5699,337.3501,338.19,56090797.0
9999,2026-07-30,333.1,334.75,329.59,333.43,74817792.0
10000,2026-07-31,304.81,310.69,300.0,308.91,132489119.0
10001,2026-08-03,309.58,311.8,302.56,303.42,75051881.0
10002,2026-08-04,302.725,310.42,301.32,309.38,68000968.0
10003,2026-08-05,309.36,311.71,305.67,311.0,49438729.0
10004,2026-08-06,314.34,316.2894,309.23,312.41,46139901.0
10005,2026-08-07,311.45,314.81,310.74,313.33,34437181.0
10006,2026-08-10,306.83,308.26,304.61,308.26,44812498.0
10007,2026-08-11,307.75,309.97,302.79,304.91,37476744.0
10008,2026-08-12,305.1,305.66,300.57,302.25,41657648.0
10009,2026-08-13,304.21,306.0,302.05,305.26,40349265.0
10010,2026-08-14,306.0,307.49,304.3,305.93,28229315.0
10011,2026-08-17,306.21,307.66,302.939,305.59,38169259.0
10012,2026-08-18,307.58,311.49,305.74,310.03,53424535.0
10013,2026-08-19,310.14,319.2799,309.6,316.83,50505621.0
10014,2026-08-20,317.455,320.28,310.65,311.3,40959163.0
10015,2026-08-21,312.05,312.38,307.01,309.35,46876815.0
10016,2026-08-24,311.47,313.36,309.97,310.34,34673550.0
10017,2026-08-25,310.79,313.59,308.21,309.9,25869807.0
10018,2026-08-26,310.3,315.43,308.8001,313.45,34024382.0
10019,2026-08-27,310.545,315.4,309.4001,314.58,32419233.0
10020,2026-08-28,316.845,322.37,315.4504,319.7,38649373.0
10021,2026-08-31,319.6,321.235,312.8,316.85,41242724.0
10022,2026-09-01,316.98,327.3,314.73,325.13,53167386.0
10023,2026-09-02,326.865,328.4,323.53,324.96,33776365.0
10024,2026-09-03,324.87,330.81,324.11,328.21,37225805.0
10025,2026-09-04,328.305,328.93,317.86,319.97,39606884.0
